"id","pred"
7583,0.485664762243714
7584,0.735707874817055
7585,0.42071998772202
7586,0.201713312549779
7587,0.389452604817635
7588,0.734531774577178
7589,0.461362497459397
7590,0.592814614002285
7591,0.227066596243769
7592,0.557543548878401
7593,0.531292245353389
7594,0.27830645318857
7595,0.387741281181519
7596,0.261200984061545
7597,0.789810527989766
7598,0.296070778627424
7599,0.713239522449763
7600,0.355386082463053
7601,0.0935616280051361
7602,0.738230996402641
7603,0.174538418494916
7604,0.643393012865765
7605,0.412247278722154
7606,0.702421812868177
7607,0.473165600374639
7608,0.713461150523106
7609,0.605141649382106
7610,0.348466883224139
7611,0.473954842986404
7612,0.26559513925521
7613,0.69081655906783
7614,0.441802320675631
7615,0.558391800954716
7616,0.604005192919991
7617,0.328383369923371
7618,0.487668137443672
7619,0.527942264083301
7620,0.387392085719785
7621,0.528077038191983
7622,0.235571461919215
7623,0.245333172128812
7624,0.221621310342428
7625,0.293743308295481
7626,0.258235026944079
7627,0.227601515151469
7628,0.635847792745781
7629,0.72092537334758
7630,0.335406425700731
7631,0.561361137817914
7632,0.605996140076551
7633,0.313397275868769
7634,0.192542515625564
7635,0.361860564279636
7636,0.163022847859124
7637,0.508915497163169
7638,0.434197349001925
7639,0.540991369633915
7640,0.345157547528584
7641,0.218379943774701
7642,0.456104137246457
7643,0.59001702192298
7644,0.678063050736467
7645,0.421284292775468
7646,0.706150450010568
7647,0.88944837271866
7648,0.342464176584809
7649,0.594870025974705
7650,0.193087979065573
7651,0.701018279052118
7652,0.834152751490041
7653,0.326517900764931
7654,0.661184646623485
7655,0.716977051028277
7656,0.765939720635291
7657,0.377863263518454
7658,0.44216718858021
7659,0.254807835665132
7660,0.4556049937997
7661,0.471234522486663
7662,0.603741296949777
7663,0.837557220622896
7664,0.603865554140669
7665,0.26036929573784
7666,0.266223364389751
7667,0.161447359892335
7668,0.305061393142135
7669,0.469971004550228
7670,0.3468249001939
7671,0.243041009105597
7672,0.446073554411521
7673,0.243311633998168
7674,0.570813582491617
7675,0.76984386424842
7676,0.503372409331904
7677,0.164949021145497
7678,0.321045579425257
7679,0.170106477707103
7680,0.593971558120337
7681,0.675969090962493
7682,0.879963418342475
7683,0.667287557161352
7684,0.319828887472945
7685,0.412395194069345
7686,0.948278524324053
7687,0.262022182475443
7688,0.219728210771065
7689,0.478460480175677
7690,0.402464597057873
7691,0.664071764662483
7692,0.509617810984231
7693,0.262408633192019
7694,0.20355685903117
7695,0.300672681649018
7696,0.7054466401758
7697,0.255403340849488
7698,0.59106896199999
7699,0.627271532516747
7700,0.756948028924408
7701,0.566825416923564
7702,0.418066121769702
7703,0.195635871626583
7704,0.852500184098239
7705,0.406752846079288
7706,0.493829925996028
7707,0.481890033441165
7708,0.787072282866426
7709,0.326909681610399
7710,0.42733744637708
7711,0.2756319162722
7712,0.583909348284911
7713,0.257781345495576
7714,0.535939302842439
7715,0.665461055555345
7716,0.281852110334877
7717,0.669444146901694
7718,0.207442276492822
7719,0.229899840210156
7720,0.544868766350078
7721,0.165586509859437
7722,0.143834063707734
7723,0.506734518514776
7724,0.441097428315203
7725,0.563108251523831
7726,0.682227518054428
7727,0.665897507660026
7728,0.447058545845744
7729,0.511100142807661
7730,0.760831500935766
7731,0.611657690416773
7732,0.462357220818011
7733,0.443740973330692
7734,0.277775431969177
7735,0.360439836537687
7736,0.74789799732837
7737,0.321393961528626
7738,0.494125120878734
7739,0.382767579259246
7740,0.561885924603544
7741,0.176290484341802
7742,0.810404852938937
7743,0.297131508170322
7744,0.795000740672285
7745,0.798444051613631
7746,0.5455302658388
7747,0.672673330596613
7748,0.149864546309827
7749,0.213542299823968
7750,0.212425815405976
7751,0.715455191009642
7752,0.659788979605377
7753,0.478165659867992
7754,0.367173991638345
7755,0.623597214879777
7756,0.388384985520418
7757,0.455563231120649
7758,0.82418539619353
7759,0.325051696424283
7760,0.895034328309314
7761,0.138922204494782
7762,0.350937647313599
7763,0.66944367017824
7764,0.533966266383546
7765,0.519089423292139
7766,0.186738049813162
7767,0.51502377176213
7768,0.850883547640804
7769,0.716825387326871
7770,0.425302616696301
7771,0.383676572501372
7772,0.372366776832857
7773,0.73184237406532
7774,0.399822109590414
7775,0.2944880521745
7776,0.5875967024443
7777,0.190089297356717
7778,0.422213343823517
7779,0.503757039588881
7780,0.402283387277647
7781,0.605096144672637
7782,0.741171805272988
7783,0.411359153305861
7784,0.384142631504076
7785,0.393146950706149
7786,0.528482708530198
7787,0.699143453267072
7788,0.592450011253373
7789,0.288575799251187
7790,0.140642847367575
7791,0.30894674676383
7792,0.304427923308352
7793,0.314676646220533
7794,0.451133971836833
7795,0.406672245222131
7796,0.239442977191992
7797,0.21438310119249
7798,0.575113566796732
7799,0.647292384950938
7800,0.44128169008589
7801,0.625093997012481
7802,0.642368818400944
7803,0.741426959620699
7804,0.318097448280751
7805,0.894942807812142
7806,0.547571314500477
7807,0.465340224365719
7808,0.576597177118401
7809,0.506236565137381
7810,0.590060526914273
7811,0.719872357023345
7812,0.56369295769657
7813,0.465695125482294
7814,0.623613289549765
7815,0.213806442082618
7816,0.179932591175603
7817,0.272648070350613
7818,0.683470311493581
7819,0.830952907733277
7820,0.385002031974989
7821,0.618371599201084
7822,0.483299199292329
7823,0.677345193813889
7824,0.551814393601563
7825,0.469610355929055
7826,0.409589243012107
7827,0.549330382296145
7828,0.699537238710265
7829,0.272847955326312
7830,0.511885711797133
7831,0.483504688904763
7832,0.215735335807393
7833,0.737265867868175
7834,0.337390958517133
7835,0.34543136958354
7836,0.385946969959226
7837,0.782037462630525
7838,0.655091836354152
7839,0.440825429669562
7840,0.776488237322697
7841,0.335053219075782
7842,0.382929260222792
7843,0.33247639649461
7844,0.524526157778404
7845,0.609162188825561
7846,0.578133644009136
7847,0.328592101527673
7848,0.284075698773613
7849,0.459219846470419
7850,0.404662155396946
7851,0.238519264062345
7852,0.370518387706515
7853,0.617060738618955
7854,0.23159097232844
7855,0.507429678377184
7856,0.466265870221138
7857,0.463419351973267
7858,0.626502638273121
7859,0.348859485006174
7860,0.221135836618336
7861,0.698365121327387
7862,0.249606830518442
7863,0.4401674737685
7864,0.253726658243687
7865,0.859504213130823
7866,0.414560112772194
7867,0.633640144274551
7868,0.345088255061752
7869,0.403660111501309
7870,0.253667925575924
7871,0.266428722514678
7872,0.645726870715048
7873,0.776360539416738
7874,0.29999772167639
7875,0.625923349840749
7876,0.481771155204913
7877,0.565536722290992
7878,0.392528439293434
7879,0.521535840306143
7880,0.162722449970334
7881,0.620405893155344
7882,0.602466764568557
7883,0.592120288009544
7884,0.374626469584684
7885,0.496440549908865
7886,0.496305272607734
7887,0.471519372575332
7888,0.641333734571555
7889,0.197230050427523
7890,0.459932566894464
7891,0.59525357149044
7892,0.268457849675978
7893,0.310919832425679
7894,0.427171385634045
7895,0.775116249141332
7896,0.295652980791967
7897,0.537538528098305
7898,0.665194383243553
7899,0.53425672319405
7900,0.370731469880735
7901,0.25018361818922
7902,0.121538211793254
7903,0.750384716897308
7904,0.562908029372587
7905,0.533594756059814
7906,0.499864551213504
7907,0.63520260778063
7908,0.441682710710632
7909,0.232628497108714
7910,0.779701754976035
7911,0.280052157061882
7912,0.730384974115905
7913,0.724633961634437
7914,0.550880568823984
7915,0.257625375164809
7916,0.604573225627972
7917,0.198570638236784
7918,0.351823812580205
7919,0.297775740247255
7920,0.381911449396858
7921,0.406904535775863
7922,0.562300211155195
7923,0.629461786643014
7924,0.285195279463628
7925,0.598061347402967
7926,0.399609166007976
7927,0.229629190701601
7928,0.46022194488035
7929,0.746850949570798
7930,0.489630341122524
7931,0.566326106617567
7932,0.390881221915158
7933,0.260188744542651
7934,0.202621904900168
7935,0.190741125366772
7936,0.205426235336119
7937,0.487080346937103
7938,0.326686652653197
7939,0.481989958945688
7940,0.791450391894696
7941,0.423087482794691
7942,0.255346925487844
7943,0.3568707430211
7944,0.494437048001668
7945,0.674539182902363
7946,0.495768502463223
7947,0.407146982713685
7948,0.220153697553414
7949,0.595958562867445
7950,0.464339003398817
7951,0.294558228913083
7952,0.729340631569856
7953,0.618718801272096
7954,0.401099505804292
7955,0.292110894514531
7956,0.460244321355986
7957,0.361385594011309
7958,0.546119083964078
7959,0.656481367354446
7960,0.2835614037333
7961,0.415406849343678
7962,0.53864165543606
7963,0.664903827225349
7964,0.458941935948355
7965,0.629482593504077
7966,0.882254387676149
7967,0.355208907021225
7968,0.621224431820817
7969,0.673857722017716
7970,0.221132960321434
7971,0.529964275713598
7972,0.254207812146628
7973,0.698481099609559
7974,0.933947216745047
7975,0.373976684332375
7976,0.630163266897157
7977,0.359525440546625
7978,0.680715880226717
7979,0.299876217104354
7980,0.471145045371673
7981,0.682356589575769
7982,0.577538291755455
7983,0.561494057017003
7984,0.349024533449677
7985,0.584806526700572
7986,0.313157681146295
7987,0.331747435349499
7988,0.39000127565819
7989,0.827923695496895
7990,0.284333019821401
7991,0.58038629647689
7992,0.404012266249735
7993,0.439674006098109
7994,0.444756599296513
7995,0.789225250507761
7996,0.705819418752045
7997,0.446667356269552
7998,0.624997073238676
7999,0.425126954563831
8000,0.388300492656509
8001,0.647905709991342
8002,0.511180925598558
8003,0.520540937125364
8004,0.459209027621188
8005,0.760793561164708
8006,0.71565994845224
8007,0.316894777751793
8008,0.344014597537348
8009,0.414010336188501
8010,0.502933865201035
8011,0.555592728941214
8012,0.432002959619089
8013,0.343568693959354
8014,0.549138663588612
8015,0.867590814200815
8016,0.425652280121722
8017,0.182135235188023
8018,0.511564519524214
8019,0.329231764913518
8020,0.245115400232443
8021,0.356453658091676
8022,0.499342126412364
8023,0.152010033592009
8024,0.696652447144048
8025,0.316396124701487
8026,0.747548083829428
8027,0.658279044939734
8028,0.313890092976512
8029,0.490632413184082
8030,0.466122318377106
8031,0.470524190523473
8032,0.344352093597544
8033,0.492538244384494
8034,0.66379944483152
8035,0.198089399138894
8036,0.782050008336259
8037,0.537839123157613
8038,0.270537949848524
8039,0.531840764740076
8040,0.75958175597555
8041,0.221656854752301
8042,0.341476235489444
8043,0.625522405414064
8044,0.310040309265116
8045,0.197027858170867
8046,0.798427555271229
8047,0.596867479018796
8048,0.513089560221698
8049,0.234481207193573
8050,0.560119631406675
8051,0.350736012912902
8052,0.492583389700732
8053,0.270820975321132
8054,0.59874625976644
8055,0.352536735259553
8056,0.35009596944728
8057,0.366742039029501
8058,0.30932395016873
8059,0.311729333759448
8060,0.374648946684235
8061,0.534969404753428
8062,0.297800208492543
8063,0.567009400609258
8064,0.26483667079071
8065,0.567064167910614
8066,0.725844525638344
8067,0.270042277866802
8068,0.196297661078058
8069,0.526102588921645
8070,0.648146576933766
8071,0.540025896518298
8072,0.492581653465871
8073,0.740119011485202
8074,0.225369631866627
8075,0.630266276563814
8076,0.193160903727823
8077,0.304762355549727
8078,0.490628774486955
8079,0.353341933995004
8080,0.223743781870847
8081,0.458280835946438
8082,0.811730037571087
8083,0.535129497106472
8084,0.525265596719637
8085,0.313749423091262
8086,0.844107427008822
8087,0.411304560201716
8088,0.287777927580435
8089,0.609501688847032
8090,0.693109938228065
8091,0.309951351522633
8092,0.878354512874923
8093,0.740115842265622
8094,0.291015367364007
8095,0.650121668296981
8096,0.732969878148833
8097,0.74237796893149
8098,0.280839045573123
8099,0.612770690037304
8100,0.175827135676125
8101,0.262077408634831
8102,0.654330569027421
8103,0.263388564352774
8104,0.721808134154848
8105,0.296227623757679
8106,0.710657493817615
8107,0.509305321903092
8108,0.303579871613675
8109,0.217452938072315
8110,0.51825696041786
8111,0.406423294949046
8112,0.543819091342699
8113,0.318597097103195
8114,0.288757234688465
8115,0.369114949821036
8116,0.285937108315064
8117,0.275212323007187
8118,0.409440641671166
8119,0.334001167219202
8120,0.530659262943003
8121,0.520535286284419
8122,0.832495026153038
8123,0.49873871655436
8124,0.548957953736637
8125,0.515975907059685
8126,0.818518180300279
8127,0.327512372669624
8128,0.586831715675757
8129,0.347771560097831
8130,0.69303856614451
8131,0.719314745635161
8132,0.838916415191075
8133,0.37949549860856
8134,0.252648119879064
8135,0.337898633046337
8136,0.4296646156552
8137,0.310497360537693
8138,0.670219315935721
8139,0.560603310056892
8140,0.551628017458766
8141,0.599405574987969
8142,0.416776588791189
8143,0.297178502641573
8144,0.514720440493804
8145,0.318096983704181
8146,0.670240386250426
8147,0.339819598071715
8148,0.434445629666421
8149,0.389773065770704
8150,0.856992674599728
8151,0.27175362673503
8152,0.536774138109926
8153,0.396260484769195
8154,0.277969449695289
8155,0.384674748221773
8156,0.41821728918471
8157,0.634612460170849
8158,0.518313178521451
8159,0.388958983190994
8160,0.335802486634507
8161,0.647740874757308
8162,0.372330592418878
8163,0.695942006929763
8164,0.441840801784409
8165,0.807638070811934
8166,0.786876177020819
8167,0.802279621574395
8168,0.275724919735395
8169,0.530106945070254
8170,0.220489121784447
8171,0.325388884402022
8172,0.838753427261622
8173,0.391938943942582
8174,0.599622986538623
8175,0.401721816503558
8176,0.77333214561414
8177,0.466641678472072
8178,0.513257819295047
8179,0.631191633517292
8180,0.523210782966594
8181,0.201034741493725
8182,0.300641772612625
8183,0.913116424964812
8184,0.685717693998073
8185,0.327569140699125
8186,0.190850800123077
8187,0.566215858170457
8188,0.372286295979539
8189,0.337875476293243
8190,0.685682437547275
8191,0.171718347909919
8192,0.411720259440408
8193,0.412817924583622
8194,0.289504119388762
8195,0.508574898600222
8196,0.47846406906371
8197,0.762678172867368
8198,0.214902493869556
8199,0.529773657789856
8200,0.856261529603094
8201,0.281048751932713
8202,0.771319524067527
8203,0.209235211030459
8204,0.825401056954397
8205,0.496131567262781
8206,0.520495244771496
8207,0.282380304285713
8208,0.394868695474864
8209,0.548192492475806
8210,0.395933259476273
8211,0.266969974729325
8212,0.283340705114072
8213,0.509324520092506
8214,0.839480814637005
8215,0.580418610652814
8216,0.533273512515848
8217,0.839663184383472
8218,0.363355267741175
8219,0.323755018777229
8220,0.340917324359665
8221,0.214104569342682
8222,0.55424932673898
8223,0.397285063669397
8224,0.698872887217864
8225,0.859042809623973
8226,0.933621717300403
8227,0.802698897689524
8228,0.394609351826496
8229,0.51881722050745
8230,0.642670206738215
8231,0.731349960355383
8232,0.238660001551285
8233,0.261927412712337
8234,0.29550061465149
8235,0.376292268273749
8236,0.718110781400936
8237,0.388492684625734
8238,0.72675895315336
8239,0.226474900834086
8240,0.391338437182992
8241,0.477419793249726
8242,0.720879307370428
8243,0.736998620378018
8244,0.160298389858214
8245,0.795912829758419
8246,0.62899351381464
8247,0.32697574137401
8248,0.462786043412604
8249,0.439309868731612
8250,0.814999352491268
8251,0.224973108141732
8252,0.34359446186805
8253,0.697977840440651
8254,0.591559863338176
8255,0.672521342257662
8256,0.667812952431728
8257,0.357244922901219
8258,0.14835738541883
8259,0.26587686633867
8260,0.742550417635794
8261,0.39744453174757
8262,0.431845011049901
8263,0.293802117444969
8264,0.797140410533107
8265,0.654013903497435
8266,0.331854045250559
8267,0.473442389707964
8268,0.701128670941728
8269,0.816878076127005
8270,0.247647934059363
8271,0.603422871390829
8272,0.394055511637685
8273,0.307296197615727
8274,0.143945932983492
8275,0.481713618185716
8276,0.498001986144171
8277,0.57079861432201
8278,0.518760005798211
8279,0.456721225158394
8280,0.733689216797961
8281,0.251385099753495
8282,0.543773249813681
8283,0.208582262998614
8284,0.261898106575997
8285,0.63764002062182
8286,0.2318357578863
8287,0.773672998158968
8288,0.67603156442406
8289,0.349094925075557
8290,0.336021396631126
8291,0.267091404600737
8292,0.687308869327996
8293,0.300336289570127
8294,0.669085825530249
8295,0.343290596833787
8296,0.778016752463174
8297,0.316895077533178
8298,0.39148187367807
8299,0.270646329532422
8300,0.245687333803261
8301,0.521437530957968
8302,0.535340862391706
8303,0.418678006292795
8304,0.591956291120044
8305,0.514150074991673
8306,0.612866496958443
8307,0.690495698225997
8308,0.260228168523993
8309,0.772254954474937
8310,0.343779670281369
8311,0.506828356623805
8312,0.643643106607576
8313,0.404306695609904
8314,0.545772739226276
8315,0.789461632316297
8316,0.616016095406248
8317,0.5550888632848
8318,0.739974933430423
8319,0.547806817885542
8320,0.352099744944736
8321,0.462552344760921
8322,0.291214658560683
8323,0.729607382760097
8324,0.502688374672549
8325,0.257551226923543
8326,0.263013358730663
8327,0.259438529578342
8328,0.316061964707396
8329,0.455793287497499
8330,0.210368753456603
8331,0.596636690975567
8332,0.332613293477055
8333,0.522173886407121
8334,0.617779259777902
8335,0.485958743949348
8336,0.372520154440121
8337,0.574313208442754
8338,0.455087360868663
8339,0.574911889693388
8340,0.433272884426011
8341,0.266692028267469
8342,0.477025555050126
8343,0.281090559335841
8344,0.621777484025897
8345,0.313246312619358
8346,0.811987461605549
8347,0.196319571482579
8348,0.700232285580178
8349,0.609541853264371
8350,0.491398031259284
8351,0.166773356520495
8352,0.527127393963489
8353,0.318785127200112
8354,0.577519981409678
8355,0.757170951240236
8356,0.537568542417801
8357,0.307801125907696
8358,0.576005059339163
8359,0.377590855961918
8360,0.240868952755758
8361,0.860237494412141
8362,0.438443386618715
8363,0.533992779675145
8364,0.249593934766808
8365,0.578328735233202
8366,0.786537964803633
8367,0.628151699352726
8368,0.569534007595427
8369,0.335153884139528
8370,0.822217380473363
8371,0.576483798237165
8372,0.839045111046545
8373,0.876849976165538
8374,0.488165998673329
8375,0.415454878363009
8376,0.457397599574104
8377,0.322317232377744
8378,0.239508769268692
8379,0.679537695900127
8380,0.260107375780148
8381,0.274671902376865
8382,0.276137074376032
8383,0.594850975181155
8384,0.661699786803307
8385,0.698660214581832
8386,0.513334972879842
8387,0.420882645411603
8388,0.351038224602693
8389,0.198428025250958
8390,0.277933558233743
8391,0.352124312220585
8392,0.390046121554156
8393,0.66367746519255
8394,0.239662251230061
8395,0.744996850953859
8396,0.518915206501023
8397,0.461543159042768
8398,0.208071182430873
8399,0.546124903613929
8400,0.562747108085367
8401,0.375604781432555
8402,0.433958040270454
8403,0.329287366596872
8404,0.566597179913638
8405,0.371289950406036
8406,0.415267058980793
8407,0.834087003275313
8408,0.473532169705789
8409,0.240260902936189
8410,0.363652385389564
8411,0.736685985942396
8412,0.288279311083648
8413,0.443236103687939
8414,0.735339800407402
8415,0.710466843205162
8416,0.730421886721492
8417,0.319471729864232
8418,0.18835516334586
8419,0.798982083216389
8420,0.735871224167554
8421,0.276842035523736
8422,0.239269246465544
8423,0.224527943347706
8424,0.32366347375701
8425,0.513640176646302
8426,0.312849865833581
8427,0.523663242332315
8428,0.386576012733119
8429,0.682191220006037
8430,0.692412701490415
8431,0.440615311742364
8432,0.386723032788238
8433,0.5897845331043
8434,0.434957777899807
8435,0.806289848172378
8436,0.431077638513159
8437,0.276909569924595
8438,0.274041890335395
8439,0.301031793637915
8440,0.559028558817523
8441,0.356484176269679
8442,0.670354843086879
8443,0.23810838392059
8444,0.442328068662556
8445,0.707158390484661
8446,0.795713694491916
8447,0.54390766435638
8448,0.313280621195062
8449,0.227229984322654
8450,0.374720665211469
8451,0.677304612383345
8452,0.68720379464053
8453,0.309852869979335
8454,0.79900935385858
8455,0.618620130514724
8456,0.409646163593156
8457,0.507402469247754
8458,0.609874749094394
8459,0.347414514767304
8460,0.383814144011592
8461,0.705554600117869
8462,0.358481531350223
8463,0.289577988931043
8464,0.555860611987548
8465,0.659329958385712
8466,0.629989206808829
8467,0.16751168335064
8468,0.82463254081586
8469,0.691205137652111
8470,0.238447514867895
8471,0.594798813551114
8472,0.729062098435571
8473,0.206787164059986
8474,0.496641833056743
8475,0.476777531356877
8476,0.185571381413219
8477,0.323664207741363
8478,0.768262044765962
8479,0.241714913873655
8480,0.360819816889273
8481,0.763771321278142
8482,0.302789897697972
8483,0.199967891071807
8484,0.64465168142262
8485,0.6682552684987
8486,0.539611596774093
8487,0.608128904222427
8488,0.583586827903927
8489,0.506793336667109
8490,0.303262540546302
8491,0.398940382410193
8492,0.721872671340618
8493,0.2838008724514
8494,0.629891494312551
8495,0.629373575994796
8496,0.288397821469466
8497,0.579910215495998
8498,0.537905948153817
8499,0.485865612945418
8500,0.370174352447364
8501,0.516483946948466
8502,0.234778334533882
8503,0.576501657056656
8504,0.933284534075079
8505,0.313453046012794
8506,0.744731240734632
8507,0.310957772250306
8508,0.198919728001304
8509,0.317934092009111
8510,0.366742033824281
8511,0.223999755784168
8512,0.585570785868896
8513,0.528506423727294
8514,0.862521936965403
8515,0.346426607146236
8516,0.414653695237675
8517,0.57871180341005
8518,0.687477958417499
8519,0.245529788960619
8520,0.562410125350864
8521,0.730455548125586
8522,0.214879346285855
8523,0.242855324139108
8524,0.596663428078728
8525,0.691669215279457
8526,0.564234210644556
8527,0.592938137358607
8528,0.558432515326095
8529,0.336630789538436
8530,0.596885636962638
8531,0.375922265356311
8532,0.459768064032557
8533,0.301013031954601
8534,0.286294320738725
8535,0.533069964377917
8536,0.292574503638628
8537,0.363397892449084
8538,0.403410270804089
8539,0.826459113352706
8540,0.395858663669017
8541,0.51283653607713
8542,0.342545044342975
8543,0.733744600840167
8544,0.368338477092634
8545,0.182121335173642
8546,0.235798480403094
8547,0.802806643659815
8548,0.711884197048322
8549,0.486716476125172
8550,0.402337230232902
8551,0.306713839977961
8552,0.238249518498027
8553,0.214636267274854
8554,0.76390415485544
8555,0.767314805211901
8556,0.681959539703889
8557,0.420537634055589
8558,0.728913520132743
8559,0.386301701633178
8560,0.306566447589402
8561,0.585793668191436
8562,0.318210513889899
8563,0.839776146258885
8564,0.3900079948952
8565,0.277560855979519
8566,0.506865562543034
8567,0.436952604005168
8568,0.828979106478138
8569,0.704194161420355
8570,0.448699979490967
8571,0.734086926097055
8572,0.737085167666758
8573,0.582916584254623
8574,0.408288666104341
8575,0.536397272031768
8576,0.404357826006204
8577,0.218632231252332
8578,0.29154600063208
8579,0.347329625544488
8580,0.264569917867145
8581,0.440326849904523
8582,0.391351440188259
8583,0.310894748330469
8584,0.555812167122192
8585,0.200400794688182
8586,0.140687380624057
8587,0.394366751156093
8588,0.736984979066629
8589,0.695353405998667
8590,0.49588350559167
8591,0.172939802419464
8592,0.82875528242942
8593,0.637288004928012
8594,0.365277286239465
8595,0.879900017291273
8596,0.377537558015376
8597,0.453951888482476
8598,0.483944968311496
8599,0.354516833359062
8600,0.761645807245314
8601,0.460833404617941
8602,0.312764069389445
8603,0.350093096308513
8604,0.387502731116992
8605,0.700821011980497
8606,0.569600624086806
8607,0.697235029133757
8608,0.478161578379028
8609,0.185877696154789
8610,0.547129720803479
8611,0.872491067320407
8612,0.289541273053922
8613,0.866097347536959
8614,0.272079260605191
8615,0.795518708426752
8616,0.227044810450886
8617,0.347499280905521
8618,0.874152828822375
8619,0.465640532641867
8620,0.847428919825892
8621,0.810566379161956
8622,0.498121236186218
8623,0.614427122594688
8624,0.643279760686533
8625,0.647976718624853
8626,0.577115082801489
8627,0.573023540902714
8628,0.241380489971226
8629,0.302953001463656
8630,0.163022131837213
8631,0.201571661522613
8632,0.271864810037317
8633,0.661202469702084
8634,0.364611554003222
8635,0.303533231958363
8636,0.5202884719853
8637,0.279540334096435
8638,0.49131915825214
8639,0.67720223803207
8640,0.472813139867328
8641,0.780599001739312
8642,0.373788325561404
8643,0.404366075818169
8644,0.783406014662291
8645,0.402564958518788
8646,0.689019513722109
8647,0.35334112495778
8648,0.256075105861439
8649,0.322806324434611
8650,0.838321664617918
8651,0.709021828167127
8652,0.518244179477703
8653,0.46788485422854
8654,0.173513676883395
8655,0.315850403983254
8656,0.619837092731906
8657,0.663065256207522
8658,0.279249258824805
8659,0.525861208957508
8660,0.138211337092589
8661,0.396512871572537
8662,0.387688749162412
8663,0.223769264236999
8664,0.574503566399933
8665,0.563723093170595
8666,0.770716225659728
8667,0.696278507644582
8668,0.610295410165572
8669,0.526948310657147
8670,0.281603551295725
8671,0.271695045445509
8672,0.490097642437526
8673,0.327935580653389
8674,0.435210933151223
8675,0.423891402980365
8676,0.504656389455281
8677,0.503260118466056
8678,0.515717151120688
8679,0.261118049765119
8680,0.335782511691463
8681,0.589493058552369
8682,0.219482343448011
8683,0.453508172364763
8684,0.643374021509315
8685,0.425542303110745
8686,0.289845881297039
8687,0.370956187800018
8688,0.451132120021004
8689,0.522152586157366
8690,0.525220662924904
8691,0.396791203619443
8692,0.49140492785356
8693,0.514488709872309
8694,0.727092024449109
8695,0.400856314681947
8696,0.466936876791272
8697,0.394106022594674
8698,0.738295592929088
8699,0.690018621170682
8700,0.652345890293103
8701,0.598542554644919
8702,0.256917551028171
8703,0.452377082014816
8704,0.782788952457608
8705,0.742609069988358
8706,0.25664960955238
8707,0.242614459431597
8708,0.493306406582092
8709,0.228695823418901
8710,0.218798387374715
8711,0.565830240102754
8712,0.258827034917329
8713,0.485410357856878
8714,0.413385673387525
8715,0.632564031570289
8716,0.504969786865425
8717,0.580151055769104
8718,0.733177789903663
8719,0.546097525982005
8720,0.704686925555262
8721,0.325845653873832
8722,0.494632772490389
8723,0.599972813256964
8724,0.682449011927538
8725,0.268058514386935
8726,0.275336636647304
8727,0.735364188564182
8728,0.905943085974935
8729,0.205966820152544
8730,0.808253166172207
8731,0.3078649195474
8732,0.537440214826053
8733,0.704778884356491
8734,0.582195876728506
8735,0.787361169855539
8736,0.684755752625378
8737,0.270332220026016
8738,0.71723470278577
8739,0.25041251642059
8740,0.533260818314471
8741,0.371251720874379
8742,0.420459612157801
8743,0.711328975749597
8744,0.57257537123725
8745,0.237920822879713
8746,0.389570200511683
8747,0.491512289679383
8748,0.858087779346933
8749,0.283918628875764
8750,0.590624814972225
8751,0.527476569010794
8752,0.637793662917676
8753,0.22763747703976
8754,0.60245102534992
8755,0.5102081663562
8756,0.622017549133568
8757,0.394866010601995
8758,0.803517747988629
8759,0.657384912792436
8760,0.208393339098664
8761,0.395124613580574
8762,0.232230478729197
8763,0.810974558006358
8764,0.300915922351682
8765,0.284087028997132
8766,0.49862470043406
8767,0.36814481242805
8768,0.504584555003483
8769,0.821726821230124
8770,0.772683428908696
8771,0.63060127369509
8772,0.238688330723574
8773,0.557927903624771
8774,0.620540420684822
8775,0.507065021833579
8776,0.46910788735535
8777,0.221324651193454
8778,0.349401278045375
8779,0.573407121868973
8780,0.497126352404983
8781,0.51333836217731
8782,0.433489861347889
8783,0.830594576381306
8784,0.831045988094466
8785,0.597654646936451
8786,0.697750031305845
8787,0.688745621612778
8788,0.475727034494123
8789,0.580883404168817
8790,0.751870485845585
8791,0.378428724605995
8792,0.451456002071961
8793,0.467496068152967
8794,0.692891465235424
8795,0.458152871393898
8796,0.327930626390304
8797,0.347441312310356
8798,0.406044208473548
8799,0.203604120906153
8800,0.415434738233106
8801,0.571578270697457
8802,0.554623273863523
8803,0.20738018504833
8804,0.642602345969963
8805,0.220251830382767
8806,0.263202923624505
8807,0.439769761909791
8808,0.289307815021849
8809,0.649015582704912
8810,0.443004727096142
8811,0.833422641218338
8812,0.701781491460894
8813,0.55382870831964
8814,0.376821626730645
8815,0.666630236210435
8816,0.47571544648055
8817,0.408930504412583
8818,0.698820757997378
8819,0.709198184397428
8820,0.314448273168108
8821,0.576746348836252
8822,0.155857660122623
8823,0.794801919091797
8824,0.692261989550257
8825,0.33421016974776
8826,0.952549544293677
8827,0.569369577120571
8828,0.611894997470333
8829,0.222946363096108
8830,0.41989545536634
8831,0.503056229479482
8832,0.678133720629154
8833,0.652836078149729
8834,0.200541260703938
8835,0.385068468634569
8836,0.253098089660153
8837,0.502624988390488
8838,0.28932228053974
8839,0.627641326420418
8840,0.471683603142522
8841,0.42349442355987
8842,0.696463412729935
8843,0.415458722268632
8844,0.627047254784958
8845,0.188020637209743
8846,0.701009320993972
8847,0.325888292524465
8848,0.301279300901872
8849,0.671370974545454
8850,0.255665063142225
8851,0.317218280831742
8852,0.516750307053168
8853,0.950638733168157
8854,0.378684495450401
8855,0.270151650621454
8856,0.381395603582222
8857,0.21677254210586
8858,0.381270325081858
8859,0.165104837972669
8860,0.297727519703276
8861,0.577717896384341
8862,0.446910737190035
8863,0.578333610071107
8864,0.581687549268908
8865,0.690727637455557
8866,0.84928377811565
8867,0.480441785387878
8868,0.1726549788593
8869,0.157947551081878
8870,0.470893502936399
8871,0.581748187577872
8872,0.397532763635897
8873,0.544266744273155
8874,0.616367217099381
8875,0.400535172987509
8876,0.534021627016512
8877,0.551358125135644
8878,0.784124908829253
8879,0.614775363756192
8880,0.206122728692194
8881,0.870257013342842
8882,0.816877700804404
8883,0.825569221130456
8884,0.718570438648427
8885,0.526356220520592
8886,0.371899362191982
8887,0.954425179025715
8888,0.625427171479658
8889,0.375610555711599
8890,0.647160979597309
8891,0.730872248724519
8892,0.363525733802537
8893,0.78868088335341
8894,0.403277136472032
8895,0.255825949843173
8896,0.55979350552641
8897,0.349312539621011
8898,0.62895798379539
8899,0.504048883689017
8900,0.531409671391618
8901,0.549737936374406
8902,0.235264317529982
8903,0.223381808997253
8904,0.520362497982446
8905,0.151057541823572
8906,0.292965865712073
8907,0.379905364722473
8908,0.609528227497106
8909,0.642082891863421
8910,0.415868480095561
8911,0.172635047325021
8912,0.418985608214671
8913,0.584232856799646
8914,0.614804710480129
8915,0.541114027302981
8916,0.639982531428108
8917,0.857174002556672
8918,0.528289332239576
8919,0.365518500248091
8920,0.317903833521825
8921,0.603437441955834
8922,0.246905383891238
8923,0.628279432108739
8924,0.710088256521433
8925,0.778046954441553
8926,0.452295074262381
8927,0.519104425111634
8928,0.379746286396033
8929,0.343840208857321
8930,0.705496933886782
8931,0.439711647754648
8932,0.814822966457745
8933,0.266705438267838
8934,0.65143764331064
8935,0.564420468196483
8936,0.292610642247883
8937,0.415240701457743
8938,0.749685225596227
8939,0.301005821809842
8940,0.356629169220948
8941,0.482662769193948
8942,0.551819347003763
8943,0.77490819983962
8944,0.53698799481705
8945,0.768918917600241
8946,0.701194587149007
8947,0.425266339116679
8948,0.403374728409118
8949,0.67172004939536
8950,0.649419219777466
8951,0.319279148297302
8952,0.90297319992119
8953,0.233207930399993
8954,0.31559776268384
8955,0.715160595294504
8956,0.369273127877709
8957,0.475944392258275
8958,0.495054477243994
8959,0.812451770349936
8960,0.34227401868726
8961,0.611406391215736
8962,0.321766846661405
8963,0.715951740808714
8964,0.565834209386558
8965,0.340758396391978
8966,0.475287371922769
8967,0.327066705735531
8968,0.346825102164659
8969,0.596312936494209
8970,0.278512704827153
8971,0.422957718187847
8972,0.587230666651597
8973,0.522235572606568
8974,0.274275165283327
8975,0.553582582487255
8976,0.792033710317415
8977,0.559136646217776
8978,0.398426903210116
8979,0.630899739694542
8980,0.893999273560925
8981,0.486137817102049
8982,0.536207592237143
8983,0.443064416106326
8984,0.263426857291001
8985,0.267501063830485
8986,0.445155598446373
8987,0.465507643021727
8988,0.620234882135022
8989,0.376698320567099
8990,0.33483049087186
8991,0.239464501220039
8992,0.791235570224595
8993,0.688875837035118
8994,0.377839626371105
8995,0.269698829918723
8996,0.671259062658492
8997,0.799905438642474
8998,0.240562763521973
8999,0.420673174017885
9000,0.589000906095697
9001,0.469614369392769
9002,0.570228877067894
9003,0.391818509905067
9004,0.607967781177022
9005,0.802652704646068
9006,0.275488112067183
9007,0.47013408294396
9008,0.434800884925611
9009,0.461541316934575
9010,0.213277192131411
9011,0.461044368181778
9012,0.289017033873199
9013,0.46814153280172
9014,0.590502510886624
9015,0.657403899680126
9016,0.49980725761459
9017,0.451459213103591
9018,0.304944609715581
9019,0.296711957571301
9020,0.547904597171013
9021,0.180057553266304
9022,0.400515698643755
9023,0.595219125607969
9024,0.255661000258364
9025,0.530213277371611
9026,0.549659230327645
9027,0.550225546986927
9028,0.702728669754136
9029,0.103877341828222
9030,0.301273940170878
9031,0.266088596662658
9032,0.273569610080788
9033,0.126639547294179
9034,0.206380985298927
9035,0.608782624291569
9036,0.36841431688811
9037,0.603525504128451
9038,0.292130510989024
9039,0.417265224062659
9040,0.407060134574278
9041,0.561332313482404
9042,0.555687369012434
9043,0.713162914674025
9044,0.409647432665821
9045,0.357974571531027
9046,0.722593092163592
9047,0.236174025452276
9048,0.317863655614731
9049,0.56330024601783
9050,0.248086764579357
9051,0.835960804416364
9052,0.462559879917931
9053,0.491174327235539
9054,0.240385228478393
9055,0.435984056652857
9056,0.0866542882472421
9057,0.656097044460978
9058,0.696348432539841
9059,0.786282386458129
9060,0.554731078419944
9061,0.457799564592548
9062,0.295578189238193
9063,0.398672611588277
9064,0.428564401257795
9065,0.670178324425845
9066,0.289232962274345
9067,0.516944703181581
9068,0.227380445235163
9069,0.490835737032123
9070,0.639655353200507
9071,0.336112436206994
9072,0.241217479685957
9073,0.442378028228653
9074,0.60625539698344
9075,0.291007241697919
9076,0.346807377494037
9077,0.388119975158638
9078,0.697552204324966
9080,0.707802548488067
9081,0.475091274654393
9082,0.630630299564555
9083,0.386115793840517
9084,0.36631286721046
9085,0.324332976989181
9086,0.466121383076741
9087,0.54276873711357
9088,0.20799014104549
9089,0.326437627579472
9090,0.762723009997719
9091,0.268529874134399
9092,0.498825292428757
9093,0.308447172717792
9094,0.77329457633499
9095,0.525840388426032
9096,0.436152161635549
9097,0.670208314854093
9098,0.713522212641495
9099,0.363005889968579
9100,0.322400216528818
9101,0.390851161383885
9102,0.392434407574404
9103,0.552286033562001
9104,0.482779085550495
9105,0.513156789034623
9106,0.400395780092197
9107,0.340776200627544
9108,0.699844138848617
9109,0.276317419944927
9110,0.567327599282309
9111,0.588592013460124
9112,0.474727929427574
9113,0.891706503752038
9114,0.321830373636965
9115,0.256490286095791
9116,0.742975677629346
9117,0.159733055531014
9118,0.428616021747469
9119,0.632613547581373
9120,0.365185590515335
9121,0.339880778212808
9122,0.521882159375606
9123,0.205976920310264
9124,0.194258144241495
9125,0.826163283293235
9126,0.548590950389086
9127,0.403990293512515
9128,0.383617405497042
9129,0.581165148020366
9130,0.66236997676393
9131,0.313375629651907
9132,0.294211119237414
9133,0.70214978850787
9134,0.356961775528469
9135,0.566936835970146
9136,0.241996340625941
9137,0.557805958963183
9138,0.77889899718466
9139,0.650154537188032
9140,0.357285577576855
9141,0.378606791627544
9142,0.311120859107837
9143,0.456536797259457
9144,0.342277554151565
9145,0.447723177674577
9146,0.696344114856362
9147,0.239343851572071
9148,0.266133086265837
9149,0.465306361034029
9150,0.204500043452486
9151,0.151877958160224
9152,0.941800397546682
9153,0.27819920979377
9154,0.254069910143809
9155,0.273119357836043
9156,0.171321017153832
9157,0.686642605642992
9158,0.816019649574685
9159,0.306969854179816
9160,0.616224554220209
9161,0.304433893784269
9162,0.313768805417606
9163,0.464583665027857
9164,0.313320014784207
9165,0.45915118111614
9166,0.338089741877349
9167,0.484982316138144
9168,0.286991030087759
9169,0.235169643446002
9170,0.27893917391317
9171,0.780583000629843
9172,0.258630252216356
9173,0.226158819474128
9174,0.311126136020911
9175,0.363204090290834
9176,0.381864444547442
9177,0.823092531020643
9178,0.384942191345169
9179,0.349996555040116
9180,0.632977685070861
9181,0.332240246270546
9182,0.788772015986836
9183,0.207388113091833
9184,0.183153721568218
9185,0.93496189405162
9186,0.426366187172999
9187,0.396623328697768
9188,0.71808176716792
9189,0.568934600307811
9190,0.185116652358198
9191,0.547412061824596
9192,0.348182145221858
9193,0.261292885870951
9194,0.598791867039318
9195,0.284066694896649
9196,0.721154200574127
9197,0.0952045525161632
9198,0.500160042544714
9199,0.633177776818181
9200,0.423353760903526
9201,0.339274685707164
9202,0.209900755576132
9203,0.523394915795926
9204,0.201787477234584
9205,0.464710159305809
9206,0.356985566940932
9207,0.309350247243555
9208,0.410506157856434
9209,0.310483752850416
9210,0.494838940318925
9211,0.407261502463885
9212,0.328885244446802
9213,0.660764683440417
9214,0.596287298187847
9215,0.486026042196978
9216,0.370913856977781
9217,0.528156583614319
9218,0.536947930899933
9219,0.421215162059673
9220,0.617261722316338
9221,0.632796927279111
9222,0.78806213387721
9223,0.431593538340911
9224,0.855050197553569
9225,0.290806724129016
9226,0.379228724351118
9227,0.194042897868996
9228,0.56608053210467
9229,0.292183965070542
9230,0.355024182071227
9231,0.81152178322081
9232,0.57462785294797
9234,0.824894199807416
9235,0.530030634354041
9236,0.54119959101803
9237,0.472178610109144
9238,0.425356303035682
9239,0.318952204162255
9240,0.731189053046076
9241,0.559481203546233
9242,0.250846328909603
9243,0.67832357661516
9244,0.313419870387051
9245,0.408438723602603
9246,0.448676384058807
9247,0.663885233833889
9248,0.645552697649074
9249,0.794915287021223
9250,0.378220279194947
9251,0.312295456811417
9252,0.235103908556069
9253,0.333754553892703
9254,0.318185835774797
9255,0.691532888512541
9256,0.696864845420534
9257,0.309277512097207
9258,0.445491187711709
9259,0.335225656428782
9260,0.354563786120334
9261,0.684208738670697
9262,0.802289449409438
9263,0.621988777883875
9264,0.382755019018463
9265,0.688593225089959
9266,0.490355299449055
9267,0.36170792083506
9268,0.760256012454531
9269,0.895860007399394
9270,0.489290046945955
9271,0.491228097321506
9272,0.401888801521855
9273,0.239078986995441
9274,0.295464349509433
9275,0.748620718254359
9276,0.29367347361406
9277,0.430536251340303
9278,0.410483925211261
9279,0.180509286086717
9280,0.550014500929199
9281,0.623119494099556
9282,0.205774114339055
9283,0.504046818212006
9284,0.256593714872147
9285,0.359525812719685
9286,0.842931920396616
9287,0.253264152743325
9288,0.339518379228367
9289,0.386690611012236
9290,0.777916030228678
9291,0.396150410412175
9292,0.183814883290753
9293,0.308574872536573
9294,0.3322515633099
9295,0.57760535839794
9296,0.727888591065589
9297,0.670570681697925
9298,0.308681491469609
9299,0.319921582550376
9300,0.542979440986211
9301,0.475658640857986
9302,0.328566129858698
9303,0.312892101168499
9304,0.821442090190883
9305,0.520587129720816
9306,0.688848856968379
9307,0.364820888999479
9308,0.745874671088024
9309,0.496053512298811
9310,0.40655275977819
9311,0.355219430940357
9312,0.616178373168097
9313,0.486820872151335
9314,0.315652593775348
9315,0.500932311043381
9316,0.640346218763704
9317,0.28416770111645
9318,0.460491686041361
9319,0.637121371499374
9320,0.2542652060655
9321,0.669305930365241
9322,0.444820925612474
9323,0.656049871859468
9324,0.951700048361742
9325,0.528398650941748
9326,0.858136058966036
9327,0.689733232222915
9328,0.791512111828101
9329,0.451355189755683
9330,0.646125243693454
9331,0.226418756325978
9332,0.28227268322446
9333,0.35290233907246
9334,0.35588588813464
9335,0.352528908286523
9336,0.370179782121248
9337,0.76703809694362
9338,0.36398871239613
9339,0.466934111518236
9340,0.235646772112126
9341,0.408139119572577
9342,0.507149248300037
9343,0.641181140083551
9344,0.454174697470308
9345,0.534615934576149
9346,0.417209770100155
9347,0.403679042791559
9348,0.292942136493822
9349,0.336217099900588
9350,0.840015818390562
9351,0.398538799303849
9352,0.481104325406944
9353,0.695559459528079
9354,0.824135669382284
9355,0.688556808784167
9356,0.305393466163593
9357,0.450075571167085
9358,0.669955601990196
9359,0.428945807167216
9360,0.367435561750339
9361,0.593348090073104
9362,0.561882766216231
9363,0.930280850804168
9364,0.31933049477599
9365,0.749442616213885
9366,0.649825059594654
9367,0.245782745430382
9368,0.335934825764993
9369,0.506667202617739
9370,0.531418195971449
9371,0.60932418234356
9372,0.629229412250775
9373,0.448720030245876
9374,0.225580908558083
9375,0.794055616030897
9376,0.300877852167363
9377,0.724500317572851
9378,0.367323479996307
9379,0.306045435590383
9380,0.53136042936581
9381,0.23282520900232
9382,0.418059047492611
9383,0.274010875382841
9384,0.271240171383337
9385,0.213962249631832
9386,0.276624547392591
9387,0.524752533867071
9388,0.557769364292569
9389,0.338919626972438
9390,0.256061116166706
9391,0.570875780578384
9392,0.599495924532329
9393,0.383567946617962
9394,0.487299011688248
9395,0.381623104160759
9396,0.495634753811894
9397,0.26873379721358
9398,0.278527002726319
9399,0.434679215284253
9400,0.242848722383257
9401,0.270530692165317
9402,0.648807108626819
9403,0.46049874982676
9404,0.34785750797771
9405,0.626297218410632
9406,0.457923626191712
9407,0.548395757211621
9408,0.46041230630433
9409,0.302844232625947
9410,0.44400456235284
9411,0.529661793353877
9412,0.626735007611377
9413,0.517590223936277
9414,0.733550039256375
9415,0.458927507637196
9416,0.321152116141123
9417,0.622856424834795
9418,0.434315206379821
9419,0.52231643623452
9420,0.547187340233262
9421,0.794608949302979
9422,0.624844421008103
9423,0.834277016355028
9424,0.461292703274479
9425,0.298110746624866
9426,0.590214638222816
9427,0.422843247785404
9428,0.275622559994092
9429,0.292599355874441
9430,0.710368823429039
9431,0.455600244378269
9432,0.898546589368203
9433,0.819027717425065
9434,0.331118821209739
9435,0.35817227248783
9436,0.385806390380148
9437,0.556747320895308
9438,0.356476845858259
9439,0.557097980967425
9440,0.442007740963554
9441,0.529174680472807
9442,0.451108432129274
9443,0.575371898361689
9444,0.708921973115367
9445,0.445029996149204
9446,0.308100870462669
9447,0.245616161366723
9448,0.243963646376664
9449,0.599292783811664
9450,0.288476589209503
9451,0.722541300912044
9452,0.416907806930786
9453,0.758054986383396
9454,0.405395582139563
9455,0.121747793470277
9456,0.617405515344981
9457,0.801353178606555
9458,0.365984713177829
9459,0.763264178007558
9460,0.689390296529195
9461,0.499793013546376
9462,0.605808617136513
9463,0.556073369571195
9464,0.358203131589095
9465,0.784497211331299
9466,0.856001995180014
9467,0.146912253322539
9469,0.165520955624979
9470,0.372328305985874
9471,0.222398944266463
9472,0.635252897151679
9473,0.756247030471364
9474,0.186717040292259
9475,0.55171402666199
9476,0.498688486405007
9477,0.236858792635693
9478,0.568347600811624
9479,0.459269064677099
9480,0.192178039810207
9481,0.498948167298335
9482,0.701440075311145
9483,0.410143809407153
9484,0.767967188086526
9485,0.433905660830265
9486,0.437232038791904
9487,0.628199541100698
9488,0.580634318028319
9489,0.326607815029833
9490,0.235183650625416
9491,0.48240507617107
9492,0.743936139628744
9493,0.872279452932733
9494,0.163431918763713
9495,0.436186538738817
9496,0.513336754031624
9497,0.557152228305132
9498,0.491851721344316
9499,0.340184379238264
9500,0.275848493746624
9501,0.352818298474329
9502,0.66817942683393
9503,0.349444985859202
9504,0.210838593348672
9505,0.563479414168984
9506,0.788815623270337
9507,0.530437126185423
9508,0.22820007502683
9509,0.28899628196878
9510,0.660247348966187
9511,0.30662070918347
9512,0.774144814738013
9513,0.471188877728765
9514,0.466352304312593
9515,0.305110692640488
9516,0.232637230474014
9517,0.649487194353957
9518,0.563646080699126
9519,0.302061319772536
9520,0.700803180114602
9521,0.721370773175744
9522,0.449292213841676
9523,0.817344746609945
9524,0.370896740915287
9525,0.619200790157988
9526,0.575956255611753
9527,0.429735473477709
9528,0.324499107284341
9529,0.466059790300362
9530,0.258440761863983
9531,0.769063725832997
9532,0.297683129637445
9533,0.4297141865746
9534,0.589721527085745
9535,0.233000212615274
9536,0.31728545418242
9537,0.378970696757571
9538,0.883059895661694
9539,0.811269760364837
9540,0.663626648014816
9541,0.671135074252901
9542,0.641369046628504
9543,0.756578764472589
9544,0.00151824455819834
9545,0.332458391064233
9546,0.472114370861122
9547,0.153944514127289
9548,0.256599828116673
9549,0.393229386949978
9550,0.291582866389749
9551,0.746135317212087
9552,0.495220036938064
9553,0.470258057475453
9554,0.536709159010652
9555,0.737155029694525
9556,0.744423310845999
9557,0.286270457069507
9558,0.485744792919324
9559,0.728783378683334
9560,0.31952382141974
9561,0.515722948666121
9562,0.470152314356663
9563,0.854527708472953
9564,0.618843705141282
9565,0.353809208526125
9566,0.226635537202589
9567,0.499626816518151
9568,0.853956950147325
9569,0.74073079785136
9570,0.26042324691732
9571,0.409642633042858
9572,0.380866442422262
9574,0.543257098574406
9575,0.686328010063513
9576,0.345148826708599
9577,0.228685661902911
9578,0.758713087715095
9579,0.329623518733678
9580,0.396752421329796
9581,0.596952471207904
9582,0.617478881511453
9583,0.586065838285866
9584,0.326332935049077
9585,0.625055285729514
9586,0.129077883248625
9587,0.584158585209326
9588,0.210328690602372
9589,0.203373788190384
9590,0.556888245243792
9591,0.274447291404182
9592,0.232743302442353
9593,0.665178564378875
9594,0.440837226574207
9595,0.497556231753332
9596,0.412904262445762
9597,0.446455669598447
9598,0.455145737216668
9599,0.46460515763001
9600,0.256208298440564
9601,0.428625428179795
9602,0.694646686383451
9603,0.333561292284251
9604,0.609082446451258
9605,0.496768011241802
9606,0.298778058281243
9607,0.168491143762386
9608,0.287563743950035
9609,0.440524041038394
9610,0.749169605893998
9611,0.380761305436591
9612,0.620084037406786
9613,0.357721767093042
9614,0.664708855595046
9615,0.440854086362944
9616,0.691898528921844
9617,0.424657450317253
9618,0.410447655129885
9619,0.47797077692973
9620,0.66161586108722
9621,0.71232681059027
9622,0.600421059301148
9623,0.430567899229265
9624,0.526767623455729
9625,0.331487619882793
9626,0.476367522237525
9627,0.434274974888356
9628,0.885947158678797
9629,0.507361120032922
9630,0.199936074763724
9631,0.509073030757283
9632,0.451605105751269
9633,0.492853071742738
9634,0.282065099461785
9635,0.56634198859474
9636,0.602581184986875
9637,0.373560449416881
9638,0.559724100286137
9639,0.654934772570655
9640,0.519184850979106
9641,0.478845227526676
9642,0.413237085806989
9643,0.433433939518463
9644,0.633892345332308
9645,0.47444769670996
9646,0.199138311789094
9647,0.227971745606808
9648,0.241251395911007
9649,0.744682485399043
9650,0.613172095300159
9651,0.706271113543457
9652,0.826519186400547
9653,0.285244450107968
9654,0.672541875146044
9655,0.322191736533102
9656,0.863927260464202
9657,0.453043110196458
9658,0.250125711629296
9659,0.396553034437935
9660,0.521937563970124
9661,0.668427035306065
9662,0.669093078527375
9663,0.472673712312498
9664,0.422306494867227
9666,0.798376632945733
9667,0.241772828197944
9668,0.645096061486592
9669,0.851570884544299
9670,0.342101300991377
9671,0.687170755076098
9672,0.769455502313151
9673,0.620715367314886
9674,0.843636739058524
9675,0.606357784548183
9676,0.233767777719894
9677,0.418121244269236
9678,0.397460735683141
9679,0.664988100016656
9680,0.326024283791133
9681,0.347527578825312
9682,0.745487372986547
9683,0.373956971271858
9684,0.41689544313119
9685,0.263560888498598
9686,0.506825679161431
9687,0.717317809518552
9688,0.487218408008467
9689,0.654407824863325
9690,0.249687700782174
9691,0.481886181856441
9692,0.395835410332785
9693,0.64864904663802
9694,0.740425747049824
9695,0.239830049036295
9696,0.571291894984292
9697,0.769482368434789
9698,0.280184079083915
9699,0.210025335090552
9700,0.459987368949853
9701,0.255617237559529
9702,0.502310812404343
9703,0.318346684687056
9704,0.421489588915156
9705,0.611704939983916
9706,0.629779659025678
9707,0.443444407642552
9708,0.842670582189005
9709,0.535848840144542
9710,0.389672416701867
9711,0.570139164699533
9712,0.151761292963414
9713,0.314722930857322
9714,0.579980803355759
9715,0.482058459174347
9716,0.48496695481229
9717,0.1748205368729
9718,0.352300852472638
9719,0.279600803133988
9720,0.642920971315977
9721,0.3728669277967
9722,0.23522481732952
9723,0.199011954354071
9724,0.579646061522463
9725,0.242396571669433
9726,0.447908967867989
9727,0.160907586602771
9728,0.622587267403343
9729,0.367584577777937
9730,0.234260221957313
9731,0.644775309057802
9732,0.541132561468287
9733,0.856600075895284
9734,0.703110733788159
9735,0.311519855537607
9736,0.609504455731839
9737,0.343027485743324
9738,0.52685527819745
9739,0.455033747016623
9740,0.588448592969135
9741,0.799628320442011
9742,0.40911508960168
9743,0.215460347459098
9744,0.277870972050451
9745,0.40414310580718
9746,0.293719537616928
9747,0.577935734278229
9748,0.314343958655118
9749,0.573585027493521
9750,0.51159488762711
9751,0.511131765635988
9752,0.186256071648866
9753,0.415311004818793
9754,0.089846290632037
9755,0.168380749075638
9756,0.21646218974006
9757,0.247946139928808
9758,0.660002613413776
9759,0.366532854271357
9760,0.396929172308731
9761,0.330162422768815
9762,0.220062684303123
9763,0.500198932747618
9764,0.148151114339777
9765,0.409076583516367
9766,0.542142128926956
9767,0.330665511918546
9768,0.653702877955373
9769,0.555768310964548
9770,0.383001160990209
9771,0.529059430469853
9772,0.328680400683747
9773,0.229474198641622
9774,0.24109578450293
9775,0.47341083570824
9776,0.786079454588181
9777,0.368575708854825
9778,0.322966398067121
9779,0.596394037708559
9780,0.43062957450937
9781,0.490690074686474
9782,0.413112629371654
9783,0.381725643108295
9784,0.307743936982191
9785,0.402279520986834
9786,0.589637690908801
9787,0.469911506250754
9788,0.199626837813139
9789,0.349898136324279
9790,0.319568225027003
9791,0.608146854325734
9792,0.334920494836638
9793,0.883051930006143
9794,0.364282129298596
9795,0.303359242519714
9796,0.390049514177953
9797,0.396196410323605
9798,0.508925930590951
9799,0.287643258113308
9800,0.769721704967742
9801,0.300803606444096
9802,0.673026993805929
9803,0.272731897059125
9804,0.358823186105708
9805,0.296459355589275
9806,0.787230959753733
9807,0.283833796760772
9808,0.267332203786742
9809,0.438579566547954
9810,0.532702462622116
9811,0.512854822287268
9812,0.276421868846984
9813,0.386853272338813
9814,0.408178474344044
9815,0.258525883401696
9816,0.294268939922454
9817,0.291083259383426
9818,0.525397839934928
9819,0.290525289164398
9820,0.597036699665906
9821,0.492372829362945
9822,0.288627400328567
9823,0.308646240499646
9824,0.483530527787166
9825,0.221557036997657
9826,0.503611608100731
9827,0.475885462791487
9828,0.422577177547931
9829,0.826007304089783
9830,0.126792497635454
9831,0.487159416539437
9832,0.673396880664517
9833,0.550973407001103
9834,0.835288082604323
9835,0.738475312952694
9836,0.1925078160043
9837,0.584789999536057
9838,0.642667931838709
9839,0.747406332309321
9840,0.451733378350278
9841,0.177666535812003
9842,0.264474432708806
9843,0.854096116948579
9844,0.58982883233037
9845,0.577975629063404
9846,0.425297512445416
9847,0.35161379842841
9848,0.235154102818239
9849,0.234260221957313
9850,0.600183060680092
9851,0.313592968061549
9852,0.189685851062731
9853,0.856245289691659
9854,0.622508405323792
9855,0.684352949682017
9856,0.276129938390724
9857,0.350083316423152
9858,0.323691505534139
9859,0.373889243799328
9860,0.410995902803149
9861,0.791400947940225
9862,0.20461756670349
9863,0.466512749061637
9864,0.318263022800213
9865,0.835230897333349
9866,0.293715674247191
9867,0.538016891835993
9868,0.439131593859117
9869,0.946481538397788
9870,0.41476012403591
9871,0.649581234779424
9872,0.611969808079782
9873,0.538464272794242
9874,0.229570461874079
9875,0.412239114365443
9876,0.267526990490097
9877,0.450290608816401
9878,0.530919585873051
9879,0.864191876523313
9880,0.745802104614935
9881,0.322434364232315
9882,0.701876015726468
9883,0.535335344062039
9884,0.434721920815031
9885,0.295299921056036
9886,0.253765135309694
9887,0.25626637873338
9888,0.689394603763043
9889,0.526749246528341
9890,0.494833137656078
9891,0.305717051571717
9892,0.226263183508144
9893,0.564122916658768
9894,0.669701347796648
9895,0.572138513423986
9897,0.52792652290348
9898,0.539385362886804
9899,0.240608037706485
9900,0.283032759334616
9901,0.427205333515022
9902,0.486760853944983
9903,0.640705157903613
9904,0.513846405381045
9905,0.594960971527716
9906,0.335176994362768
9907,0.624020513684408
9908,0.610769808052523
9909,0.622086135611533
9910,0.662211312707837
9911,0.693719174334069
9912,0.132226225865694
9913,0.252152701751382
9914,0.278971154309776
9915,0.480820574582186
9916,0.546176780233125
9917,0.345523302867958
9918,0.382653854288188
9919,0.273075368203438
9920,0.46455413791808
9921,0.28488013259945
9922,0.631126991315357
9923,0.527496821431092
9924,0.493053336137998
9925,0.444745950983444
9926,0.499054200555719
9927,0.317220189182905
9928,0.890735613089539
9929,0.403318180166701
9930,0.795440567494057
9931,0.321009032425355
9932,0.603939132825968
9933,0.611878662113626
9934,0.794072958800809
9935,0.448197208692839
9936,0.58672265418755
9937,0.161142536779099
9938,0.320488188973528
9939,0.277577798939667
9940,0.410420638405905
9941,0.614245423737537
9942,0.331439496981947
9943,0.31882435240551
9944,0.203354245247402
9945,0.669563083810716
9946,0.310824767869451
9947,0.679054971314773
9948,0.163518223200563
9949,0.431329822470371
9950,0.307239050503064
9951,0.682530595599214
9952,0.294299853583007
9953,0.359409059565159
9954,0.76675734459521
9955,0.445654589184187
9956,0.236510728610703
9957,0.737725820152534
9958,0.549265629916721
9959,0.700033962580028
9960,0.574811579446733
9961,0.267232018621989
9962,0.30305817038962
9963,0.222842608361193
9964,0.41059093341656
9965,0.749550892591348
9966,0.430162019872295
9967,0.329495663174697
9968,0.296925663392077
9969,0.657559152527484
9970,0.820643539395519
9971,0.719820002171883
9972,0.824019764448385
9973,0.234431436486164
9974,0.221993724878048
9975,0.478158783748695
9976,0.32427058412543
9977,0.812937728839302
9978,0.277831630565056
9979,0.253352668685391
9980,0.400788475024546
9981,0.760662806774901
9982,0.713023100625472
9983,0.750980019625489
9984,0.737700848118487
9985,0.292216297178166
9986,0.632519046338393
9987,0.593805184705079
9988,0.413500859159589
9989,0.477811573512304
9990,0.358216521916329
9991,0.942706791920884
9992,0.448656272420881
9993,0.648621606253164
9994,0.549748714347215
9995,0.530664942168077
9996,0.783180261882537
9997,0.623845612552125
9998,0.158374407062823
9999,0.422785830776653
10000,0.891539328682705
