"id","prob"
7583,0.457529297236852
7584,0.739835366729543
7585,0.377813810774972
7586,0.193859998649511
7587,0.326145130067911
7588,0.710738840838207
7589,0.427738796516619
7590,0.553280630215138
7591,0.264220658424623
7592,0.522853136029344
7593,0.517921502751642
7594,0.253305162774209
7595,0.401716318404982
7596,0.268162636831937
7597,0.777125361750095
7598,0.289915921143811
7599,0.701919163453526
7600,0.32544389035259
7601,0.0829163305588261
7602,0.717967514771214
7603,0.166157538789787
7604,0.6191818205861
7605,0.384160905795557
7606,0.675384305448554
7607,0.451361897540821
7608,0.737902927010712
7609,0.593059958955211
7610,0.309344679550598
7611,0.505150352655998
7612,0.243689758047184
7613,0.643047153243834
7614,0.521362946118745
7615,0.523835799056004
7616,0.672523794133241
7617,0.369436978018078
7618,0.49077824508872
7619,0.510840786059174
7620,0.399418760272881
7621,0.51719516548522
7622,0.236563589500201
7623,0.276743963403939
7624,0.207453872952345
7625,0.2561709930061
7626,0.258834341380952
7627,0.224071147859918
7628,0.628098213829672
7629,0.698472981860876
7630,0.370053175619896
7631,0.545489509805781
7632,0.633533490531561
7633,0.275605313960672
7634,0.193582228530347
7635,0.347110373017239
7636,0.189639357981129
7637,0.471116450978181
7638,0.4101592740124
7639,0.505425721331876
7640,0.340203513829903
7641,0.235030283981064
7642,0.45184633917822
7643,0.607165700111825
7644,0.690654188758023
7645,0.338693465473707
7646,0.665907266276423
7647,0.887254510313401
7648,0.298589144998773
7649,0.549124033118634
7650,0.187215969093662
7651,0.652944626549131
7652,0.834101323607543
7653,0.302155267899855
7654,0.685953177959024
7655,0.668764879320487
7656,0.733959415204135
7657,0.362109376363456
7658,0.405820644126945
7659,0.262742132278576
7660,0.477808443387774
7661,0.485976628113273
7662,0.601520770902351
7663,0.860684578815441
7664,0.653018331564908
7665,0.236210832617011
7666,0.278008834346088
7667,0.154009326515215
7668,0.290836529469002
7669,0.448971811560877
7670,0.309211849315126
7671,0.234933191042024
7672,0.405770226760143
7673,0.205557327605669
7674,0.519765607493786
7675,0.742817991007202
7676,0.502782653086514
7677,0.167085002607541
7678,0.326318728639039
7679,0.165145743674185
7680,0.534445554047902
7681,0.650277973075062
7682,0.893264865872656
7683,0.643818253560936
7684,0.307854177071783
7685,0.385798681738867
7686,0.933187366147068
7687,0.240127865287307
7688,0.180414747307626
7689,0.470937322116397
7690,0.3953804198572
7691,0.626538802617562
7692,0.53142984045744
7693,0.280210403557926
7694,0.221378545407777
7695,0.347629302824943
7696,0.698444154473525
7697,0.318610507184916
7698,0.564146609609635
7699,0.661144400300311
7700,0.759926016897031
7701,0.544959078460021
7702,0.427133203008495
7703,0.18524272897114
7704,0.827626279551912
7705,0.402086198669008
7706,0.51151654616813
7707,0.421859244992495
7708,0.765907960768652
7709,0.284534207820634
7710,0.383694125823826
7711,0.25606223848061
7712,0.558074996238859
7713,0.248428715776637
7714,0.526061183019887
7715,0.611999210151129
7716,0.289150659863547
7717,0.617036989065627
7718,0.220828379142736
7719,0.2549697072298
7720,0.559255414509108
7721,0.171048032694735
7722,0.125584799564608
7723,0.500408629817052
7724,0.448904529797365
7725,0.545048748781143
7726,0.693211853615518
7727,0.640837607967734
7728,0.414655158431829
7729,0.483824718488253
7730,0.707859253545948
7731,0.636838281361855
7732,0.410157922176296
7733,0.439180323366127
7734,0.245995204799933
7735,0.377037242509522
7736,0.742536241533086
7737,0.341683212567719
7738,0.455167658070841
7739,0.366022322980381
7740,0.585249963936749
7741,0.165059432728582
7742,0.80476593336106
7743,0.264393719951317
7744,0.788498261755665
7745,0.786155081992282
7746,0.543229772149798
7747,0.679131307118204
7748,0.155492564115233
7749,0.196659504165331
7750,0.220185746077576
7751,0.688399766851162
7752,0.626101760390965
7753,0.491674212269523
7754,0.370366558724446
7755,0.641011449494459
7756,0.403002219166988
7757,0.45684704285121
7758,0.834006537493997
7759,0.353916218582772
7760,0.873890574371772
7761,0.11464067547605
7762,0.395597237338123
7763,0.691192517949799
7764,0.55180657148938
7765,0.535137270156987
7766,0.193066659475744
7767,0.532599448453471
7768,0.836325481708034
7769,0.717902616850009
7770,0.40646932407059
7771,0.358930454590261
7772,0.356879791379068
7773,0.727985770526332
7774,0.360425772198764
7775,0.329908898560718
7776,0.58483842243788
7777,0.167076780186812
7778,0.393408950727757
7779,0.468672983893594
7780,0.397327217321901
7781,0.585067263835433
7782,0.733418954987101
7783,0.410333134302168
7784,0.396192969289229
7785,0.429217131624991
7786,0.56247528327774
7787,0.669892726844346
7788,0.612154258141399
7789,0.308100592161086
7790,0.135433073599434
7791,0.287228942988489
7792,0.274409073570197
7793,0.306504741601466
7794,0.433658238524279
7795,0.405616640989484
7796,0.295353753036607
7797,0.184401507348517
7798,0.538372272062033
7799,0.567671031273379
7800,0.415349026881827
7801,0.602575616800058
7802,0.66677933994915
7803,0.721745720208349
7804,0.328472029193497
7805,0.896733528035937
7806,0.490536415358827
7807,0.415565698512132
7808,0.555367285309443
7809,0.459754982585147
7810,0.556077424675712
7811,0.711493227319404
7812,0.568628167742934
7813,0.502929914789653
7814,0.618588109584792
7815,0.205101153651033
7816,0.149606753440888
7817,0.270608548252115
7818,0.643593871043828
7819,0.801653327152091
7820,0.354787806963323
7821,0.639696306146632
7822,0.475523248399389
7823,0.64696806825925
7824,0.540830872514875
7825,0.502120406952464
7826,0.380806932402286
7827,0.501948434824876
7828,0.65133242062965
7829,0.262995786231801
7830,0.549016091520005
7831,0.467273797811752
7832,0.219129962404644
7833,0.756809836341628
7834,0.317799729037692
7835,0.317173940538668
7836,0.378677793874881
7837,0.780210170092562
7838,0.694043085464174
7839,0.450661235118297
7840,0.741749928261534
7841,0.395174244851337
7842,0.395533908777311
7843,0.337454692516541
7844,0.539791852543625
7845,0.535135882491036
7846,0.594634241977468
7847,0.346803348506406
7848,0.334128347359022
7849,0.437647424416346
7850,0.386196099220377
7851,0.232683849879642
7852,0.303630117877273
7853,0.588301329272681
7854,0.198066069169695
7855,0.497004647511286
7856,0.49923170765419
7857,0.5189144201868
7858,0.634097897935305
7859,0.403513364113219
7860,0.226023934042887
7861,0.693747438214927
7862,0.284740870440879
7863,0.405078275900801
7864,0.232183645365007
7865,0.847309738873897
7866,0.381991046006788
7867,0.616401141866058
7868,0.337906035855427
7869,0.415239351387029
7870,0.273506120889796
7871,0.273491298303696
7872,0.62916993008818
7873,0.775054889951021
7874,0.291710263215582
7875,0.60831683021301
7876,0.470617374867976
7877,0.556057168928294
7878,0.383151009384179
7879,0.494434740789856
7880,0.211299714033065
7881,0.585076788545209
7882,0.576668016719591
7883,0.568459477341014
7884,0.372868930320898
7885,0.504283452109236
7886,0.556739923690789
7887,0.395466594537655
7888,0.622485373497314
7889,0.172551633956931
7890,0.442210915834157
7891,0.575413109789638
7892,0.301819724964773
7893,0.318836800534401
7894,0.403919170994223
7895,0.744550959636031
7896,0.275945420000344
7897,0.515636207592442
7898,0.676968565912568
7899,0.523012287172694
7900,0.324470325033796
7901,0.199297963719116
7902,0.139547479693822
7903,0.75535248579328
7904,0.587286164780074
7905,0.507406825304995
7906,0.459092588251856
7907,0.647447939088884
7908,0.483567618014782
7909,0.226624488343111
7910,0.760773396002415
7911,0.284377522442557
7912,0.753041276441571
7913,0.718955642689789
7914,0.557626882217021
7915,0.243690190671951
7916,0.595295242432164
7917,0.186470582225367
7918,0.344196048587261
7919,0.312261507763727
7920,0.339635416102208
7921,0.387923653116096
7922,0.533245410733046
7923,0.57694882528737
7924,0.251318198146054
7925,0.599817007411692
7926,0.364178628882609
7927,0.217352872580566
7928,0.47633777137142
7929,0.70907183025852
7930,0.503158345002085
7931,0.568395542933668
7932,0.372736893035138
7933,0.267850397171369
7934,0.179625873654111
7935,0.195616093835627
7936,0.178337366052737
7937,0.464897316611871
7938,0.265441789096496
7939,0.454041262524816
7940,0.810803246507408
7941,0.407052546600548
7942,0.236596523902759
7943,0.368081155930063
7944,0.496185634279785
7945,0.635264259758922
7946,0.456251361722497
7947,0.433265610123029
7948,0.181842639891259
7949,0.556103189371194
7950,0.415343553232416
7951,0.280671302023158
7952,0.687577470881704
7953,0.583412458546989
7954,0.375439840962278
7955,0.306368789841625
7956,0.461027024147069
7957,0.331378134212615
7958,0.609855064979703
7959,0.635920606477348
7960,0.247379298167518
7961,0.352217116742877
7962,0.608673733039002
7963,0.594645746271259
7964,0.413028463506851
7965,0.596923391875514
7966,0.880290538273575
7967,0.316978932995526
7968,0.579059884465746
7969,0.654791420900616
7970,0.217113755642839
7971,0.520704433602233
7972,0.259016452150978
7973,0.676600426443682
7974,0.927199279297584
7975,0.386926108980895
7976,0.605121561262673
7977,0.348529359913111
7978,0.646018646592625
7979,0.341900184978463
7980,0.433616066947024
7981,0.683212626942834
7982,0.576205323675903
7983,0.589594777362432
7984,0.369188704516643
7985,0.606792971383178
7986,0.266861018695536
7987,0.321428972433254
7988,0.374073128785611
7989,0.842134918253343
7990,0.304289433133567
7991,0.560798849577271
7992,0.401020632738679
7993,0.411042190184663
7994,0.472628161631678
7995,0.764722038809301
7996,0.661438809212164
7997,0.446134845298624
7998,0.614425720315876
7999,0.456314213500033
8000,0.386078079537452
8001,0.66903533421329
8002,0.49967326763232
8003,0.53826507016188
8004,0.469705806233431
8005,0.736076256958722
8006,0.755697117597058
8007,0.291850053975177
8008,0.34516350402632
8009,0.439703231479303
8010,0.511479696222432
8011,0.532072228720509
8012,0.426181905795402
8013,0.322396584657804
8014,0.516957876667369
8015,0.88331302951115
8016,0.391289528205942
8017,0.20679104323059
8018,0.479634187133119
8019,0.343739421534561
8020,0.239640948945798
8021,0.320714285010835
8022,0.518417651187794
8023,0.150152361792761
8024,0.632877990882299
8025,0.291422131763501
8026,0.732117200654245
8027,0.627883177203957
8028,0.316544550391047
8029,0.45073973335244
8030,0.441911437130886
8031,0.41288096077198
8032,0.330567091979062
8033,0.502232731709773
8034,0.659130142330452
8035,0.224161899375521
8036,0.779257467701136
8037,0.527036551609204
8038,0.249598373411872
8039,0.480088805360796
8040,0.735000880725344
8041,0.21368663423877
8042,0.340955685320953
8043,0.610927986225121
8044,0.25574522614874
8045,0.19884879236052
8046,0.818095533303747
8047,0.585533169998412
8048,0.484224452642985
8049,0.196249413086902
8050,0.559814120557634
8051,0.324933245027806
8052,0.439319659731764
8053,0.318941445355378
8054,0.595735019568043
8055,0.380160522545505
8056,0.323348151391674
8057,0.33042821875576
8058,0.344572031384132
8059,0.310624907957287
8060,0.389629033686224
8061,0.469997784674392
8062,0.254661288484873
8063,0.584558493236285
8064,0.284817107233895
8065,0.506002359562016
8066,0.679282169405987
8067,0.317866653639927
8068,0.179982653698882
8069,0.506517202629442
8070,0.665917482826346
8071,0.515645485774724
8072,0.452791948981334
8073,0.71353362868349
8074,0.217578952190497
8075,0.585821353885646
8076,0.156741301482925
8077,0.27460768547106
8078,0.462642110230525
8079,0.371913639252944
8080,0.253898388625255
8081,0.492096141256549
8082,0.802877627088881
8083,0.489924789690703
8084,0.598290069725811
8085,0.302118091021386
8086,0.86063831145917
8087,0.39060924501286
8088,0.306939720088675
8089,0.680180089494793
8090,0.68607696539735
8091,0.30225423362339
8092,0.862099377394234
8093,0.689586445607558
8094,0.265771328842843
8095,0.617749613430014
8096,0.719549637214894
8097,0.707904691615876
8098,0.28390307923836
8099,0.571790402074776
8100,0.160664942972633
8101,0.215320566526726
8102,0.621544949467418
8103,0.280162145354718
8104,0.701457398265418
8105,0.294167499592495
8106,0.714267460568537
8107,0.442610029372129
8108,0.274086756074128
8109,0.176804763340805
8110,0.515162447448059
8111,0.404541896896754
8112,0.4935121485994
8113,0.309590528035501
8114,0.289657534678326
8115,0.351845533184005
8116,0.284074731146336
8117,0.227941699028157
8118,0.526979245992158
8119,0.347098873501019
8120,0.483825531621971
8121,0.465933582027911
8122,0.814494825015327
8123,0.461077821102802
8124,0.494327912100968
8125,0.501493165881662
8126,0.800864683626579
8127,0.309337294822963
8128,0.587331051725491
8129,0.290959358479859
8130,0.731476800053524
8131,0.696889188702545
8132,0.827032338267988
8133,0.383596581435494
8134,0.282320327999967
8135,0.316880177596204
8136,0.468628506857006
8137,0.299678274997017
8138,0.649728257708802
8139,0.554918965514637
8140,0.512586595797377
8141,0.603429402953529
8142,0.379977760374467
8143,0.267028683778123
8144,0.489098845600999
8145,0.305494879581413
8146,0.624482208302151
8147,0.307319286796902
8148,0.435286699376657
8149,0.404892630650355
8150,0.841870325335594
8151,0.290418444176011
8152,0.508964251915197
8153,0.382127396245715
8154,0.247593425849146
8155,0.367112547145463
8156,0.398064463932418
8157,0.593526079451487
8158,0.480630619578015
8159,0.385658006469526
8160,0.295567578648158
8161,0.584664893989442
8162,0.371945791347741
8163,0.658537867566837
8164,0.40774223431854
8165,0.808799628424187
8166,0.760793838207997
8167,0.811362804109448
8168,0.272686787678604
8169,0.525164615339453
8170,0.236571808105465
8171,0.33222236706293
8172,0.815490896938306
8173,0.308529970723851
8174,0.565857718649426
8175,0.384484212358064
8176,0.759223035640807
8177,0.443800366587226
8178,0.538597006277673
8179,0.648546101935989
8180,0.543515494671071
8181,0.158604350860561
8182,0.359516551126637
8183,0.897345388992871
8184,0.658516839119699
8185,0.33633500213511
8186,0.171574776830801
8187,0.509752108808114
8188,0.419337087237368
8189,0.334187606225923
8190,0.683665182951985
8191,0.143560817218998
8192,0.413709637939174
8193,0.412692108386067
8194,0.265992343176254
8195,0.463577625570185
8196,0.483834980270863
8197,0.813402338940787
8198,0.248877086908068
8199,0.47773286235007
8200,0.832643135053726
8201,0.302695722971228
8202,0.788334345020388
8203,0.189863386737224
8204,0.825722416327322
8205,0.466418876176276
8206,0.555373590151384
8207,0.297030054479734
8208,0.419079939743905
8209,0.599290699324562
8210,0.384601056505844
8211,0.240333652704575
8212,0.266758643789295
8213,0.556937813833076
8214,0.839312163685882
8215,0.593557203741691
8216,0.535069864537002
8217,0.831319100442228
8218,0.322050216661289
8219,0.302423407505517
8220,0.295414595145452
8221,0.222722287156516
8222,0.588375897935367
8223,0.338984825402166
8224,0.649671325123011
8225,0.853812493302563
8226,0.948113347061571
8227,0.77951380495347
8228,0.385638114889805
8229,0.576994807120151
8230,0.595776620215739
8231,0.702830732783018
8232,0.257503501679424
8233,0.265574831991384
8234,0.261246894025908
8235,0.374466715354352
8236,0.712636723879029
8237,0.410134942327863
8238,0.723372762041619
8239,0.215756735305813
8240,0.369571082883929
8241,0.474361193671695
8242,0.705590794133431
8243,0.712578273740905
8244,0.149839413425027
8245,0.755517195353951
8246,0.673517816108058
8247,0.326931228733503
8248,0.416081182768262
8249,0.469772049047754
8250,0.814394171809333
8251,0.248111608022924
8252,0.315558931705127
8253,0.729453762088123
8254,0.595567855149199
8255,0.614598750958644
8256,0.667306963803705
8257,0.363230745079889
8258,0.14728227611654
8259,0.27880236508441
8260,0.752459933389467
8261,0.399244917590227
8262,0.383365580468744
8263,0.260442218374263
8264,0.775304645839116
8265,0.613607808167025
8266,0.327782185601043
8267,0.460194426665197
8268,0.71936152319688
8269,0.799088070451221
8270,0.257855076486793
8271,0.577669505036693
8272,0.34993374851129
8273,0.296061288257881
8274,0.126132127821517
8275,0.434006954041745
8276,0.459504809236501
8277,0.542916480047963
8278,0.52083403867655
8279,0.398095850208091
8280,0.694066860862154
8281,0.253745857717197
8282,0.535283835893404
8283,0.199980365896832
8284,0.262654746076169
8285,0.622217958059829
8286,0.221583924027396
8287,0.800336493868532
8288,0.708141181616804
8289,0.339106235391489
8290,0.28251931634362
8291,0.233281703367953
8292,0.675416038615288
8293,0.322998199288387
8294,0.652427834813495
8295,0.351056537686628
8296,0.766478797898314
8297,0.331181592658475
8298,0.394524727434902
8299,0.318615651922784
8300,0.255455348587019
8301,0.485855771922768
8302,0.490203394895849
8303,0.386994912230225
8304,0.617115359968082
8305,0.511064093225654
8306,0.608571083495805
8307,0.676987034603375
8308,0.238021885933501
8309,0.786886706911878
8310,0.334988631057469
8311,0.492016786366781
8312,0.621640015638928
8313,0.402770672033257
8314,0.492237589866082
8315,0.745406602467001
8316,0.654537184909337
8317,0.505727216039567
8318,0.724668096079717
8319,0.509149971773694
8320,0.386787729473802
8321,0.428786956589937
8322,0.266284962797685
8323,0.776423924284345
8324,0.523324696959203
8325,0.214123047196619
8326,0.243979016072279
8327,0.242719928677922
8328,0.282247378930967
8329,0.433738272033828
8330,0.228462441490217
8331,0.534520390806665
8332,0.327373475309854
8333,0.49152830086858
8334,0.644364535487046
8335,0.447252756236663
8336,0.355180220107361
8337,0.525874607647055
8338,0.473746574569019
8339,0.566930307814122
8340,0.376976706524028
8341,0.268651709283304
8342,0.488577286248759
8343,0.264112355470999
8344,0.663529332435981
8345,0.316535374342023
8346,0.786021308183159
8347,0.204395617588019
8348,0.650422728708586
8349,0.612011409984898
8350,0.466547894513866
8351,0.189812562435721
8352,0.50082015026326
8353,0.306529272808785
8354,0.571889711931452
8355,0.791298822890624
8356,0.587607005346035
8357,0.297931399282545
8358,0.617567326573021
8359,0.360338808399092
8360,0.23647151432984
8361,0.882308622193744
8362,0.409139566928426
8363,0.541446313425481
8364,0.234885566823721
8365,0.519944002677573
8366,0.779292730432323
8367,0.617177611583785
8368,0.626909868324777
8369,0.303935907615228
8370,0.803493898179928
8371,0.509651645699941
8372,0.826764419316815
8373,0.865041886731336
8374,0.480339069314757
8375,0.392579810296921
8376,0.44324449158333
8377,0.321479314488361
8378,0.252524857941136
8379,0.619289828639752
8380,0.252131548076928
8381,0.267324270035666
8382,0.272091017036642
8383,0.624717230446846
8384,0.624457867970879
8385,0.702623937678498
8386,0.488817288164344
8387,0.43589500757295
8388,0.310639118606799
8389,0.205861426550451
8390,0.258794810613659
8391,0.305864835659938
8392,0.362277938120719
8393,0.671939462283537
8394,0.195289179696158
8395,0.759633596990814
8396,0.530123786007974
8397,0.501670802268287
8398,0.292832042727597
8399,0.526257941201289
8400,0.532710385046186
8401,0.348420731819387
8402,0.427074024834588
8403,0.296568719934622
8404,0.541604321830503
8405,0.38828352783924
8406,0.442875004823483
8407,0.817581721559799
8408,0.443092111295817
8409,0.223341564496612
8410,0.326183401564194
8411,0.700964742388802
8412,0.274388107671385
8413,0.515674732650098
8414,0.737230972382486
8415,0.697161096428215
8416,0.715210113553453
8417,0.333918720868746
8418,0.160827705058019
8419,0.781994467914705
8420,0.685464970198919
8421,0.280276184198369
8422,0.218486116292823
8423,0.239292489616105
8424,0.294728772387021
8425,0.505667653433219
8426,0.33430901923028
8427,0.522364521222942
8428,0.382281305393926
8429,0.754520058558238
8430,0.647153822749474
8431,0.422567432422963
8432,0.366388452538993
8433,0.618309166483571
8434,0.405859956585979
8435,0.827078717103644
8436,0.431805305420675
8437,0.262364985438307
8438,0.322148250204438
8439,0.276407698194438
8440,0.607698230681066
8441,0.376214643236658
8442,0.685214539670579
8443,0.227742813991437
8444,0.450280073465745
8445,0.735061774870184
8446,0.769758521800287
8447,0.574732120911114
8448,0.277313722507175
8449,0.244526594829574
8450,0.358183282160633
8451,0.619933358396968
8452,0.693576006494839
8453,0.289677649204574
8454,0.751149130882445
8455,0.582017227270788
8456,0.387131215430522
8457,0.50217812702493
8458,0.611962180399625
8459,0.309657377038482
8460,0.365965321571628
8461,0.713276502748493
8462,0.305590989641229
8463,0.270526647823443
8464,0.507901979838679
8465,0.684420408327823
8466,0.63451867583573
8467,0.149900347787534
8468,0.811072154909829
8469,0.655458190135262
8470,0.238680275736005
8471,0.605616359275597
8472,0.750976884378935
8473,0.173783904618006
8474,0.465514278594883
8475,0.429412707326432
8476,0.181509716673075
8477,0.310411916905569
8478,0.795578191605294
8479,0.229035071709618
8480,0.335400740120181
8481,0.750339941251516
8482,0.328735717505884
8483,0.192580720341283
8484,0.643334826514857
8485,0.633370506915203
8486,0.545137805546521
8487,0.598740959793938
8488,0.549959254763719
8489,0.5308725279408
8490,0.267664626023563
8491,0.421948782876905
8492,0.695421276817872
8493,0.280901976766952
8494,0.589910564606983
8495,0.609030110698324
8496,0.25909096709791
8497,0.572550130350876
8498,0.567503451680052
8499,0.429230288234278
8500,0.31005072517776
8501,0.496270772211371
8502,0.234312447671261
8503,0.505661177287993
8504,0.93303842794451
8505,0.301587004684367
8506,0.750163477843255
8507,0.321642446558452
8508,0.164315266079745
8509,0.30991610687832
8510,0.320543380811199
8511,0.20424063761105
8512,0.556356614415532
8513,0.527771534128695
8514,0.825062899312528
8515,0.283660450210128
8516,0.397366290841844
8517,0.533878292554581
8518,0.650944424084334
8519,0.260823522516471
8520,0.557230270256671
8521,0.736599089849105
8522,0.202723925104814
8523,0.252491232454694
8524,0.619938547544265
8525,0.712923036663736
8526,0.513722797620898
8527,0.551372955297917
8528,0.568778112229788
8529,0.301556275795553
8530,0.616608696439653
8531,0.380172803361317
8532,0.429374345462702
8533,0.271354026889837
8534,0.298797706411214
8535,0.503589366252181
8536,0.29979312582763
8537,0.378736821690237
8538,0.44819122972241
8539,0.792727454966794
8540,0.358015612217295
8541,0.480229750603693
8542,0.330690788913592
8543,0.729014415610127
8544,0.332229894632592
8545,0.15436049525531
8546,0.238898803507293
8547,0.83320221673655
8548,0.681924926187672
8549,0.536760528831586
8550,0.403608750225572
8551,0.273239774197992
8552,0.220317996613374
8553,0.253358149508643
8554,0.75817606820312
8555,0.813099653547374
8556,0.632036816160024
8557,0.432521160536614
8558,0.729573377387867
8559,0.425285631493782
8560,0.31754811952066
8561,0.609090015148577
8562,0.312207470954544
8563,0.859392997692296
8564,0.395800926837901
8565,0.224040651656999
8566,0.50556459926006
8567,0.401786002264236
8568,0.831526790746258
8569,0.684027038614707
8570,0.427446519058145
8571,0.728608435703894
8572,0.728507690186033
8573,0.538404265597982
8574,0.408527853662677
8575,0.482504402365524
8576,0.386299238094005
8577,0.209560415364352
8578,0.271428629162599
8579,0.385779074401033
8580,0.300616436702862
8581,0.409462805178618
8582,0.371920483024823
8583,0.303344617576519
8584,0.53591875509692
8585,0.171233607254918
8586,0.124828068386614
8587,0.390900581590818
8588,0.755647529137794
8589,0.682555133902793
8590,0.476677284650687
8591,0.167075452267429
8592,0.802868150499011
8593,0.647348177673649
8594,0.304300633792418
8595,0.868218886160125
8596,0.345148072708726
8597,0.411767820291615
8598,0.493790729756717
8599,0.420795805783896
8600,0.708569313370708
8601,0.464079027569094
8602,0.320480578777194
8603,0.345360436946446
8604,0.375869824135047
8605,0.690893636858103
8606,0.536194691576573
8607,0.672750918996397
8608,0.513345737991104
8609,0.182412996591752
8610,0.525611859496505
8611,0.852955979851228
8612,0.305637544533567
8613,0.864236132408036
8614,0.329570803689385
8615,0.796382210034676
8616,0.211435644697106
8617,0.289106369063073
8618,0.850062884261759
8619,0.431722898074293
8620,0.869134000353601
8621,0.794858941706093
8622,0.461455221176662
8623,0.623755479648443
8624,0.677793761321574
8625,0.618203565895966
8626,0.557501709446162
8627,0.528383889298704
8628,0.243835412002588
8629,0.28773214677283
8630,0.126307905575402
8631,0.222914750538737
8632,0.28241411066534
8633,0.699868520128342
8634,0.365665580277941
8635,0.337305756724839
8636,0.513905829396176
8637,0.259037041875239
8638,0.579717025386014
8639,0.653519974195878
8640,0.439050135506097
8641,0.742648433110365
8642,0.428687419418135
8643,0.361069775210882
8644,0.760000457819899
8645,0.386799574232866
8646,0.746967170682897
8647,0.331482096808672
8648,0.230777401714101
8649,0.415317040790598
8650,0.826289573387274
8651,0.668847531374666
8652,0.467733979593833
8653,0.471789769379708
8654,0.203021236192754
8655,0.311792045747122
8656,0.546515620718282
8657,0.629034195849327
8658,0.277990052189966
8659,0.506016798456647
8660,0.107794778242454
8661,0.407288372854475
8662,0.386113558169243
8663,0.179959390555502
8664,0.550474360644243
8665,0.517488315548485
8666,0.732799891839913
8667,0.66548298792669
8668,0.635527729234971
8669,0.540393378590256
8670,0.260211474282685
8671,0.284714230580048
8672,0.473399160239015
8673,0.299789258432793
8674,0.379353567519954
8675,0.486688116188605
8676,0.48735540040701
8677,0.492227368052183
8678,0.490962845733538
8679,0.249996675363788
8680,0.3003161838379
8681,0.528561272441103
8682,0.216048737179056
8683,0.442796034766218
8684,0.63845456112492
8685,0.378953570013948
8686,0.267464048016125
8687,0.409010834190279
8688,0.455526724749085
8689,0.485402666006732
8690,0.518395097748493
8691,0.416957395429013
8692,0.463861378477624
8693,0.430597427550682
8694,0.743410036138157
8695,0.382939194171552
8696,0.46107272721839
8697,0.35159820110082
8698,0.726839188952679
8699,0.724143884211121
8700,0.630344921824264
8701,0.591445191918711
8702,0.228256976743752
8703,0.432074973427109
8704,0.749188906918409
8705,0.678322075382964
8706,0.286324737526408
8707,0.254219268039911
8708,0.453231418667346
8709,0.243447170265274
8710,0.245392599463419
8711,0.572063837784198
8712,0.224173860702928
8713,0.481140864093336
8714,0.420517033142396
8715,0.593597524002236
8716,0.474037225925248
8717,0.576649209302063
8718,0.702479613156088
8719,0.557134063680052
8720,0.672020612672821
8721,0.272748239993491
8722,0.501333902210166
8723,0.547512409565969
8724,0.703105937720127
8725,0.242615988007302
8726,0.272837801362551
8727,0.736671004141064
8728,0.885003895817369
8729,0.195291376662026
8730,0.780294544408377
8731,0.254025270179626
8732,0.557247598743634
8733,0.727775216158478
8734,0.580513506039244
8735,0.786337310055475
8736,0.694834801748571
8737,0.273291346270787
8738,0.690544819819725
8739,0.247803859678419
8740,0.522502551449514
8741,0.337044842429438
8742,0.39048731476705
8743,0.672479488707793
8744,0.539883810432689
8745,0.230926346095331
8746,0.380803345939266
8747,0.457271187622656
8748,0.837000307726789
8749,0.312696611039226
8750,0.564120016124564
8751,0.491241116074317
8752,0.602518656823043
8753,0.274131047768974
8754,0.577224455448801
8755,0.459138452810705
8756,0.626309232661745
8757,0.357559980555465
8758,0.825195295293033
8759,0.684690402257831
8760,0.183395372281162
8761,0.357752587208242
8762,0.258324996247896
8763,0.805704357463822
8764,0.301063328656928
8765,0.25893251376915
8766,0.511953128469048
8767,0.352188157763918
8768,0.506897802563054
8769,0.818608473718652
8770,0.770854997544027
8771,0.650306089419697
8772,0.211620176528261
8773,0.579040580315714
8774,0.558104750503099
8775,0.505575218656211
8776,0.510893459781717
8777,0.272857854278003
8778,0.355759896616385
8779,0.584645460842042
8780,0.528523489592613
8781,0.488630179685603
8782,0.40894012842655
8783,0.795910450287864
8784,0.803148134846918
8785,0.585092564662574
8786,0.639248125360085
8787,0.671865940405219
8788,0.474859719360291
8789,0.575393941821873
8790,0.745045503283205
8791,0.423321358714788
8792,0.43873816332837
8793,0.473154374271264
8794,0.643520700982428
8795,0.49050717869943
8796,0.393294230078983
8797,0.3316018055955
8798,0.39168819439194
8799,0.187541841510807
8800,0.423210299988412
8801,0.591547637722431
8802,0.48167867133052
8803,0.210699128373156
8804,0.683331752981051
8805,0.214551965374899
8806,0.28024763763776
8807,0.420913710703372
8808,0.305678133526609
8809,0.655168826859498
8810,0.498866641695319
8811,0.826485781290432
8812,0.714142274070156
8813,0.508282695103286
8814,0.40499104578191
8815,0.694978478220938
8816,0.5053481266799
8817,0.390884578389813
8818,0.754349265217617
8819,0.761237345748472
8820,0.302562141896058
8821,0.540829844823116
8822,0.1859553580161
8823,0.785322452864184
8824,0.738995130441459
8825,0.335294702629428
8826,0.952605830684043
8827,0.519661227914581
8828,0.595685932219668
8829,0.203655971988524
8830,0.403836781419731
8831,0.466645186080553
8832,0.668065295084251
8833,0.613303020168644
8834,0.181042034680069
8835,0.332267660404886
8836,0.203395980118783
8837,0.475258450096744
8838,0.268551404857599
8839,0.658603788889247
8840,0.473469663807536
8841,0.42912338815237
8842,0.676537647721167
8843,0.423441834530123
8844,0.7097651155045
8845,0.163491190735324
8846,0.714036183693607
8847,0.318376845360005
8848,0.264828466216836
8849,0.619186564654926
8850,0.276308547040755
8851,0.337781375116667
8852,0.465760316802468
8853,0.950034401549777
8854,0.359820249897115
8855,0.309511218711219
8856,0.38368362438913
8857,0.223135480581171
8858,0.34787168481543
8859,0.137297761659152
8860,0.296401251364103
8861,0.59119637617834
8862,0.398084206022234
8863,0.591803626399691
8864,0.544526501749978
8865,0.672866037954006
8866,0.827394060053693
8867,0.509061980210445
8868,0.153459161242283
8869,0.132259957642628
8870,0.441120236130413
8871,0.577414507150771
8872,0.375619141053096
8873,0.568215143637779
8874,0.560597792543077
8875,0.446416100950198
8876,0.480755484553189
8877,0.541890938412466
8878,0.777698669559736
8879,0.547688799667308
8880,0.168903832859255
8881,0.854056535000291
8882,0.812334092367613
8883,0.814675239445074
8884,0.699167324052595
8885,0.630352027873448
8886,0.331537857367409
8887,0.949592853899548
8888,0.583109570906649
8889,0.363895685966213
8890,0.655693833536003
8891,0.699522276347634
8892,0.317852741291959
8893,0.755778860050523
8894,0.448651832740434
8895,0.225112575449761
8896,0.612107690321089
8897,0.31763576854692
8898,0.58464607366945
8899,0.506501224636971
8900,0.544889119862349
8901,0.537558498682847
8902,0.234789892428677
8903,0.205232014695142
8904,0.525989889551898
8905,0.165151352951431
8906,0.34686770230357
8907,0.418070248832706
8908,0.562044242747681
8909,0.643458400957203
8910,0.410739455564015
8911,0.194305749468813
8912,0.405525905992443
8913,0.585850150411043
8914,0.563863087221001
8915,0.578637906797426
8916,0.58899673024021
8917,0.849817686491579
8918,0.515453322241712
8919,0.343818302473124
8920,0.278583480427671
8921,0.677986636226344
8922,0.221722174850415
8923,0.656816853737258
8924,0.707126682607073
8925,0.738403233598017
8926,0.464090576720119
8927,0.504798015947717
8928,0.380679345863024
8929,0.345458571979349
8930,0.668756037038509
8931,0.428199563871098
8932,0.80535081695497
8933,0.327108054965411
8934,0.665800646634402
8935,0.538612779655309
8936,0.261270381402203
8937,0.400949568596885
8938,0.67375100479775
8939,0.265993549322563
8940,0.335329718676972
8941,0.529789177877684
8942,0.516890082517027
8943,0.791129501291362
8944,0.517746485551938
8945,0.778973018657084
8946,0.659889411935355
8947,0.378215144850876
8948,0.384043315741831
8949,0.657730132133339
8950,0.675767338602036
8951,0.361208462457005
8952,0.896103620503404
8953,0.217836389411009
8954,0.384593506602366
8955,0.706760854476524
8956,0.312613518199172
8957,0.584511479998252
8958,0.466196686362336
8959,0.807494154753018
8960,0.341705539887523
8961,0.613887509827431
8962,0.274836456677034
8963,0.691794014825598
8964,0.514672434693084
8965,0.31625594749251
8966,0.437053256621308
8967,0.315801403153328
8968,0.310856631698942
8969,0.632339220825061
8970,0.237359503619921
8971,0.391396829488327
8972,0.538391207138268
8973,0.57501721639492
8974,0.271808331935533
8975,0.49404616361538
8976,0.771954442298448
8977,0.485778553854869
8978,0.36661886696715
8979,0.661851043943175
8980,0.864049365656125
8981,0.471539458592433
8982,0.556130990691841
8983,0.412892641847271
8984,0.242144646225208
8985,0.233819311533882
8986,0.407313480126647
8987,0.511044070365073
8988,0.58439609657646
8989,0.330368516277404
8990,0.359322506350532
8991,0.227672834366278
8992,0.770548843115519
8993,0.636754914359445
8994,0.424154242402927
8995,0.301602573999678
8996,0.653468286150212
8997,0.805249604418388
8998,0.24183503442162
8999,0.400078253349482
9000,0.604197989145299
9001,0.438956121611331
9002,0.514382854992966
9003,0.454369556416579
9004,0.59951280979131
9005,0.781474630069175
9006,0.273627653933538
9007,0.449898567139063
9008,0.389355235666368
9009,0.444539389252483
9010,0.215040970248102
9011,0.458463806657218
9012,0.296562296672724
9013,0.47109877938768
9014,0.649372234965813
9015,0.631346729375204
9016,0.529848918371754
9017,0.450695713304481
9018,0.254095892478033
9019,0.30523299869107
9020,0.506084251535262
9021,0.169517959750139
9022,0.366990512400725
9023,0.605118953979254
9024,0.292741610169756
9025,0.533068897900713
9026,0.520670445147122
9027,0.547316788823804
9028,0.702504865524167
9029,0.0983460724462852
9030,0.257221280950294
9031,0.223717589125606
9032,0.290876665438293
9033,0.127666006263825
9034,0.188355807169028
9035,0.525529936640477
9036,0.384821296883854
9037,0.571482574274555
9038,0.289894473466701
9039,0.389579477099244
9040,0.407416758550543
9041,0.483990131205224
9042,0.497974984177458
9043,0.69417567984971
9044,0.348354691277754
9045,0.302736746265832
9046,0.683302575137384
9047,0.220216723296971
9048,0.376614450688778
9049,0.641279875730905
9050,0.237998544930599
9051,0.793565476914921
9052,0.553110088443357
9053,0.527842042740163
9054,0.232103869534927
9055,0.40687546553494
9056,0.0945351363467397
9057,0.605771425844123
9058,0.702051086039328
9059,0.789865021066764
9060,0.543019581108675
9061,0.41735820548002
9062,0.28520646985224
9063,0.353222069261831
9064,0.434500152237815
9065,0.641716077910256
9066,0.279239077122306
9067,0.472762268153571
9068,0.209807208140387
9069,0.466056680785188
9070,0.619688963579102
9071,0.316777144454579
9072,0.258081880551823
9073,0.504931665970275
9074,0.536842338423244
9075,0.260966326712172
9076,0.312536769751049
9077,0.356051943149241
9078,0.690653678642393
9080,0.644898823442289
9081,0.426095128026855
9082,0.636940170594195
9083,0.350549402945676
9084,0.339587524907793
9085,0.323612071023582
9086,0.479612677964615
9087,0.566235840376637
9088,0.216527767340837
9089,0.345471366649609
9090,0.724767920489918
9091,0.317092848645921
9092,0.524693314449867
9093,0.311875844316745
9094,0.760441160644535
9095,0.493646760040498
9096,0.394880483086434
9097,0.648748208790762
9098,0.659323561085955
9099,0.307202673950238
9100,0.358656184039247
9101,0.404128262639418
9102,0.363881645555992
9103,0.548267954023711
9104,0.440576913918063
9105,0.493448949569485
9106,0.419312924619246
9107,0.377844803009035
9108,0.710477802178975
9109,0.241279439131868
9110,0.533941036003169
9111,0.576861495798758
9112,0.439473825250389
9113,0.88538001916381
9114,0.340451474998685
9115,0.267902872021369
9116,0.736183361367077
9117,0.159630061733571
9118,0.404233081706686
9119,0.658102568423437
9120,0.37397718869236
9121,0.323721607071259
9122,0.484954945992202
9123,0.172403208070274
9124,0.207276827824015
9125,0.830661648818447
9126,0.515600144212927
9127,0.353054565566455
9128,0.397530447008776
9129,0.59710453937776
9130,0.667541752035404
9131,0.333275622420216
9132,0.307056120942019
9133,0.696067612689533
9134,0.372530437142183
9135,0.542292017288386
9136,0.218491433536315
9137,0.505127733534773
9138,0.79302209670481
9139,0.617678164891572
9140,0.360935682600803
9141,0.373452182432079
9142,0.305941004077831
9143,0.458677237639892
9144,0.352999855095377
9145,0.440794139834009
9146,0.702381713029449
9147,0.230156157624751
9148,0.241959288565973
9149,0.471774446217636
9150,0.200525292309085
9151,0.17922387859837
9152,0.935785697559242
9153,0.260819971740299
9154,0.248741734595468
9155,0.217779266489884
9156,0.151273456657112
9157,0.650944990106242
9158,0.804758173624597
9159,0.301194617726213
9160,0.616944492604048
9161,0.308886048331812
9162,0.259595257042318
9163,0.537184310882271
9164,0.295985794371248
9165,0.455496067789726
9166,0.331784821294994
9167,0.428816305770049
9168,0.316330606189243
9169,0.234100774836105
9170,0.258276159117531
9171,0.763220419857022
9172,0.239620021785806
9173,0.244861899333478
9174,0.294604427026389
9175,0.404684808341455
9176,0.401141360380074
9177,0.825760988163827
9178,0.408536694499003
9179,0.327492059672231
9180,0.611765096092938
9181,0.311689386868227
9182,0.767925763699701
9183,0.18209412492566
9184,0.194713979288135
9185,0.936909566590819
9186,0.392455472211425
9187,0.349877048893388
9188,0.675059918392628
9189,0.558219472643971
9190,0.185124043774969
9191,0.502299500142193
9192,0.313177634050581
9193,0.260810835220775
9194,0.58955237457088
9195,0.271808021108841
9196,0.72635613988303
9197,0.106456559860421
9198,0.516760516495839
9199,0.594994664341407
9200,0.461633707777319
9201,0.328306192298843
9202,0.196499528760998
9203,0.519573660549893
9204,0.201472078988899
9205,0.492334904192805
9206,0.418066683906
9207,0.311045028092619
9208,0.421695255589628
9209,0.282990666061229
9210,0.497960650048842
9211,0.414174572433524
9212,0.306455868584882
9213,0.655846930549803
9214,0.515744572782134
9215,0.490336788286338
9216,0.336146697300931
9217,0.586143650456967
9218,0.477681322698018
9219,0.409422121930019
9220,0.663338047977418
9221,0.652059942703461
9222,0.796621251009989
9223,0.437942344697385
9224,0.834122562530298
9225,0.273900202596626
9226,0.331716267269801
9227,0.185626283577737
9228,0.537899697727893
9229,0.286676932120534
9230,0.373909923115559
9231,0.79555819475527
9232,0.596371182981014
9234,0.795244591532904
9235,0.507403362900227
9236,0.515371111218146
9237,0.469071531148342
9238,0.43489750131793
9239,0.317674335012364
9240,0.699678527761582
9241,0.564966745787661
9242,0.282618154355204
9243,0.663118099107133
9244,0.289493764899852
9245,0.342186966421205
9246,0.46763206896456
9247,0.644607130696517
9248,0.636479713903176
9249,0.756883117001092
9250,0.34729060023962
9251,0.292966099707799
9252,0.204317143269997
9253,0.311738914304939
9254,0.307321334798877
9255,0.678639756229246
9256,0.642459995106493
9257,0.293596513236088
9258,0.464109635760938
9259,0.313026564969355
9260,0.321276559843031
9261,0.639194761572682
9262,0.813831396266297
9263,0.578154895877045
9264,0.394538694273966
9265,0.735167809591735
9266,0.491518499770206
9267,0.350721982852981
9268,0.756320590100782
9269,0.913836433949339
9270,0.454708654985705
9271,0.456269375776586
9272,0.35803316886038
9273,0.225189678034525
9274,0.290363942517371
9275,0.778491828964394
9276,0.319503178460352
9277,0.423705170835279
9278,0.411946707605744
9279,0.165313568742024
9280,0.529546099055476
9281,0.608312694877345
9282,0.186888624244529
9283,0.493739874973708
9284,0.281711655315228
9285,0.325149681426833
9286,0.813357405071432
9287,0.24741460609593
9288,0.303370681079375
9289,0.41053929196503
9290,0.807203229962349
9291,0.366706523228312
9292,0.16422335173079
9293,0.383752737287398
9294,0.329401491115028
9295,0.572038952672984
9296,0.705270704817157
9297,0.631056732656721
9298,0.285298724714512
9299,0.281329737988624
9300,0.479817677783675
9301,0.456828834775407
9302,0.3129613271003
9303,0.284354132182208
9304,0.820494593922372
9305,0.539544672522388
9306,0.649854393469084
9307,0.374440117481595
9308,0.757660337432533
9309,0.461266502416319
9310,0.38438530851342
9311,0.320189800113488
9312,0.653377113914796
9313,0.464051981125685
9314,0.332803867607589
9315,0.512323301523297
9316,0.579929483846934
9317,0.296723467629753
9318,0.488562895166118
9319,0.653203707786082
9320,0.268682565040007
9321,0.654818744716986
9322,0.416049080760401
9323,0.699773617816069
9324,0.953162891805423
9325,0.569178733925104
9326,0.851846146891603
9327,0.696273451807023
9328,0.777412629038244
9329,0.476164457959608
9330,0.64863026653804
9331,0.211151347723563
9332,0.286514669046396
9333,0.318808611759539
9334,0.388027795233365
9335,0.331376398131629
9336,0.382479296724616
9337,0.693620843831689
9338,0.312081524382337
9339,0.472973713876403
9340,0.241822451553029
9341,0.396735830664509
9342,0.516282650940766
9343,0.646716197565701
9344,0.4522666520877
9345,0.543791040713725
9346,0.390313601522054
9347,0.411609626086532
9348,0.288340504049579
9349,0.344012476619589
9350,0.830677948771444
9351,0.367012884988103
9352,0.419579484910262
9353,0.704434022327554
9354,0.812011824686188
9355,0.722814258620389
9356,0.303482357744268
9357,0.381217783131718
9358,0.68063468851038
9359,0.413699406323896
9360,0.309841021920272
9361,0.588409003106094
9362,0.543244935126621
9363,0.917817079589282
9364,0.322897477821081
9365,0.789740757241521
9366,0.648446885555636
9367,0.241250653297661
9368,0.318989549938529
9369,0.485915391357488
9370,0.47995128190586
9371,0.612862968578263
9372,0.69265936639931
9373,0.395165317007989
9374,0.224441818517365
9375,0.757566119653984
9376,0.316063362421908
9377,0.717455383869153
9378,0.359933012041044
9379,0.266612119755429
9380,0.473279712255166
9381,0.22739895555752
9382,0.440876890018063
9383,0.260455865984194
9384,0.273498377938881
9385,0.19439334397207
9386,0.239184949606337
9387,0.526956978595086
9388,0.557786253437498
9389,0.334808718014241
9390,0.260785578036624
9391,0.521072788658558
9392,0.58511448499026
9393,0.367798549792911
9394,0.479992821030367
9395,0.373138554381375
9396,0.470297679057627
9397,0.239980752453077
9398,0.248077349895575
9399,0.481630839255931
9400,0.255099152834892
9401,0.250779713708235
9402,0.578396465131432
9403,0.481467855096666
9404,0.357244803267708
9405,0.621095424444862
9406,0.440570927529836
9407,0.53036465863729
9408,0.481788902238167
9409,0.286867998577587
9410,0.454897941014049
9411,0.534498560526585
9412,0.591060513400241
9413,0.505485308246696
9414,0.760324002899554
9415,0.405626076948625
9416,0.283413972052422
9417,0.595963881618394
9418,0.39711829069509
9419,0.550451590460237
9420,0.559015129223715
9421,0.787156407951381
9422,0.58994055720805
9423,0.820963704099601
9424,0.421954738384961
9425,0.285467375992068
9426,0.590645928926708
9427,0.443105162442228
9428,0.247458918701583
9429,0.328632498651896
9430,0.718895015146804
9431,0.434878688715983
9432,0.901072720454854
9433,0.843292911557798
9434,0.326492695161714
9435,0.301609992798596
9436,0.43374447948656
9437,0.56547654195982
9438,0.318630583468756
9439,0.529843492303443
9440,0.479873499470555
9441,0.526032596294682
9442,0.409181845554015
9443,0.531548006341835
9444,0.697562834215113
9445,0.418544304885478
9446,0.30277328163184
9447,0.214491727330377
9448,0.227316180991065
9449,0.592597209667039
9450,0.261622152634129
9451,0.703521596336644
9452,0.446804384104814
9453,0.76096709915665
9454,0.417331508750548
9455,0.122209995793867
9456,0.610495648661991
9457,0.777967320807302
9458,0.409339821568615
9459,0.791836966489267
9460,0.652103726118077
9461,0.451757939373593
9462,0.677012352522495
9463,0.529949894503239
9464,0.306128112764855
9465,0.775195731255623
9466,0.843487612694941
9467,0.175782297523691
9469,0.137014821611887
9470,0.383957921972226
9471,0.213095449694857
9472,0.599711102511907
9473,0.77270477048856
9474,0.201814997885962
9475,0.4937012031658
9476,0.519441192651529
9477,0.229201657570724
9478,0.557438456197056
9479,0.504594532221983
9480,0.180508444604074
9481,0.490034967432923
9482,0.697457553196291
9483,0.380787892284508
9484,0.768455659221552
9485,0.467714422454056
9486,0.43219249769431
9487,0.590532245239676
9488,0.53022955062112
9489,0.312489190496369
9490,0.229902606592877
9491,0.511704393274153
9492,0.721186050097953
9493,0.848485273264559
9494,0.161167258825347
9495,0.439635863667057
9496,0.478729779165214
9497,0.531006977346203
9498,0.484728431422057
9499,0.321903540788845
9500,0.252992892773006
9501,0.374387222607759
9502,0.628884688738732
9503,0.379386085807986
9504,0.169377885259917
9505,0.572534632755185
9506,0.787632623715181
9507,0.511318071531511
9508,0.297992010417769
9509,0.236164069942349
9510,0.63511519475795
9511,0.322071075642915
9512,0.783302202076446
9513,0.442838446985567
9514,0.461933174898019
9515,0.300014985275381
9516,0.210925363621211
9517,0.677112990328702
9518,0.555891648879621
9519,0.323533634290427
9520,0.706629696664208
9521,0.667236215938045
9522,0.474269044106257
9523,0.806434730408209
9524,0.342094457407445
9525,0.631157176404643
9526,0.595165499245029
9527,0.410354725966982
9528,0.313405401107669
9529,0.42910884425716
9530,0.282761630059088
9531,0.749347743076177
9532,0.285256455587091
9533,0.392298775926448
9534,0.576689569511261
9535,0.213661340911538
9536,0.275883114472598
9537,0.390346298963084
9538,0.890278958083375
9539,0.799542461381917
9540,0.654470977833364
9541,0.630282660595623
9542,0.652593950983468
9543,0.72593023730619
9544,0.00252178214263706
9545,0.361847069722083
9546,0.434437221074477
9547,0.14601566258443
9548,0.237730711078658
9549,0.387180193628461
9550,0.273389083954954
9551,0.712795476643051
9552,0.538219614542509
9553,0.447928618914732
9554,0.501112159041925
9555,0.737183275880946
9556,0.742483630969485
9557,0.294816615895152
9558,0.463114944495009
9559,0.733512494748166
9560,0.291728520111292
9561,0.48165677016222
9562,0.475799218355337
9563,0.813313033888911
9564,0.599826314918822
9565,0.391487666514724
9566,0.238624681622183
9567,0.481651875821838
9568,0.8480901801471
9569,0.708749830900989
9570,0.243940346971814
9571,0.44454457518148
9572,0.401486245209056
9574,0.536347946813344
9575,0.693676513580336
9576,0.355358697412681
9577,0.234114564179739
9578,0.688943678961608
9579,0.324585023498966
9580,0.376191226449113
9581,0.555717833656008
9582,0.64988442490945
9583,0.551615055330444
9584,0.327366317984501
9585,0.580964634289472
9586,0.131530878166489
9587,0.528179627675514
9588,0.187649792877275
9589,0.193200419732964
9590,0.495449560176155
9591,0.277886624147002
9592,0.227089172884794
9593,0.628523730321232
9594,0.495108746473517
9595,0.505219735568356
9596,0.397735145633069
9597,0.402084794204878
9598,0.443042103916576
9599,0.470279687913245
9600,0.234526919109515
9601,0.46639142269817
9602,0.709991760150343
9603,0.346789599921497
9604,0.571141831936213
9605,0.470593005970304
9606,0.290952529401965
9607,0.182600495344562
9608,0.285040777757409
9609,0.444063240172956
9610,0.732949985470473
9611,0.366147640290106
9612,0.60315982600057
9613,0.329808832823479
9614,0.681903663826369
9615,0.408539902110064
9616,0.634786007017111
9617,0.437722104590811
9618,0.454233602797977
9619,0.442187361451305
9620,0.654353726389787
9621,0.665969587962022
9622,0.585398796829769
9623,0.425261179549272
9624,0.488450003631076
9625,0.328484965003423
9626,0.500883057928121
9627,0.493133354047741
9628,0.884861774256697
9629,0.49513242539244
9630,0.180109093310052
9631,0.471650091257913
9632,0.444177937090115
9633,0.439691743863727
9634,0.278034269885501
9635,0.551621881756698
9636,0.578672146994594
9637,0.309545439409604
9638,0.54665416515564
9639,0.614614535608113
9640,0.542546077205029
9641,0.404711845635716
9642,0.388939639926077
9643,0.441515005696918
9644,0.59368675639064
9645,0.470918348680225
9646,0.199065421186814
9647,0.226142859587321
9648,0.21028673262999
9649,0.720816690363288
9650,0.576076724993748
9651,0.672365157953794
9652,0.836292434263791
9653,0.286600814248632
9654,0.654074363538583
9655,0.299859947034474
9656,0.839007698290222
9657,0.426200835960035
9658,0.246430181759341
9659,0.398502203595764
9660,0.4987703628223
9661,0.668432382928238
9662,0.675577354189115
9663,0.464519087661168
9664,0.403347266838116
9666,0.753065033711003
9667,0.223697128538862
9668,0.664430151918479
9669,0.82846531879129
9670,0.371331581764981
9671,0.679100108755008
9672,0.769574358561561
9673,0.678041378245573
9674,0.837954308636964
9675,0.624951249870736
9676,0.2193005421507
9677,0.386872767148429
9678,0.348817969389367
9679,0.615815039954069
9680,0.321418912173537
9681,0.382281927403195
9682,0.760532066409207
9683,0.315674971129939
9684,0.401558669664087
9685,0.237582036464816
9686,0.444656082583062
9687,0.651094510989326
9688,0.514793870238806
9689,0.622977653511015
9690,0.215387295745261
9691,0.507965422961325
9692,0.349893808326061
9693,0.611855350722167
9694,0.701414616100351
9695,0.196354964468393
9696,0.535328382534595
9697,0.770071526148439
9698,0.303387007749664
9699,0.163050192407814
9700,0.446939326611196
9701,0.227603272504689
9702,0.500096870528945
9703,0.299665430527688
9704,0.456244200970301
9705,0.61432358422256
9706,0.584745199174796
9707,0.468259262029982
9708,0.819923802387649
9709,0.49825886391422
9710,0.329843343801834
9711,0.543982500394588
9712,0.145544787716416
9713,0.304689893643608
9714,0.540498943910524
9715,0.456995676208627
9716,0.415197360960559
9717,0.144701712929394
9718,0.316632662489286
9719,0.267985889382653
9720,0.657424574674677
9721,0.333355838511569
9722,0.259426548068912
9723,0.199934260376782
9724,0.571705269834787
9725,0.269930906564269
9726,0.44328366169608
9727,0.151535508039816
9728,0.610842411897629
9729,0.3646262159503
9730,0.231503691974583
9731,0.64595577816028
9732,0.584372032315196
9733,0.845758231613876
9734,0.637125387661005
9735,0.289889925930798
9736,0.556710616312515
9737,0.310562330413562
9738,0.499618802592585
9739,0.428553337959743
9740,0.606235728269327
9741,0.774117937149603
9742,0.420695211257976
9743,0.177035227381989
9744,0.247268721456973
9745,0.442525299135922
9746,0.313056332129784
9747,0.635938400384431
9748,0.302745072632665
9749,0.580601513717449
9750,0.500362985479393
9751,0.541918056974839
9752,0.172110207599943
9753,0.433686361900257
9754,0.0818622706097063
9755,0.180470344238132
9756,0.215580895661149
9757,0.249118441915303
9758,0.624229604027026
9759,0.324281418328274
9760,0.324129757868672
9761,0.330846490146614
9762,0.198731229736675
9763,0.55306952005619
9764,0.13099056233256
9765,0.365104796932511
9766,0.531059496652631
9767,0.331403787450123
9768,0.63840506598759
9769,0.604886697427109
9770,0.356341025815962
9771,0.484952119151678
9772,0.317028881276292
9773,0.216742896506109
9774,0.242624185804135
9775,0.463120680183347
9776,0.746740223492081
9777,0.336998141656161
9778,0.334800836520979
9779,0.559325412975268
9780,0.440936177205096
9781,0.431266523764719
9782,0.456366872886429
9783,0.350948318371895
9784,0.315949282767747
9785,0.368856523969696
9786,0.525811546356476
9787,0.458965148734626
9788,0.16105993628898
9789,0.333999552671228
9790,0.292087556943459
9791,0.652444800273473
9792,0.302200670560152
9793,0.874811305537759
9794,0.316720599401721
9795,0.282568291219885
9796,0.339409355461553
9797,0.464751340118735
9798,0.48222929549713
9799,0.287938907061185
9800,0.744610621807629
9801,0.252367846655921
9802,0.673599842349034
9803,0.22414721964915
9804,0.412293939827932
9805,0.275122314352137
9806,0.771162134092873
9807,0.314322079360285
9808,0.257977757794729
9809,0.43161563858576
9810,0.50743671641414
9811,0.440441013288788
9812,0.273171558631803
9813,0.356114973202263
9814,0.377144500815165
9815,0.26377397647029
9816,0.312367961262931
9817,0.275931553015346
9818,0.478132330148386
9819,0.279222152902839
9820,0.599917957813994
9821,0.477044986052575
9822,0.270112310777759
9823,0.244562419886451
9824,0.447678479942553
9825,0.202920081167335
9826,0.49911830661154
9827,0.48560538692221
9828,0.408148954051762
9829,0.818971955853968
9830,0.10999553547194
9831,0.493363643017596
9832,0.727997987700919
9833,0.536401641167091
9834,0.827539200120071
9835,0.711995052920684
9836,0.18650495012152
9837,0.637449329328834
9838,0.674498958591797
9839,0.741676378869865
9840,0.445175258019872
9841,0.168811643625276
9842,0.234119234187853
9843,0.853342468049414
9844,0.567152348258939
9845,0.512698059219867
9846,0.494425659865134
9847,0.339874226096588
9848,0.22203163196025
9849,0.214621210077135
9850,0.620036047915852
9851,0.277778128183292
9852,0.153015838198676
9853,0.860447602716575
9854,0.57470914495127
9855,0.664046299729554
9856,0.283163500753045
9857,0.305465239300509
9858,0.299772686355692
9859,0.32673435201814
9860,0.379482501420568
9861,0.742776098528709
9862,0.177536124364986
9863,0.501053158101865
9864,0.289093221772129
9865,0.814166354208557
9866,0.31021071695997
9867,0.497041347389908
9868,0.421300094479604
9869,0.94451674092536
9870,0.466337636862396
9871,0.609939789728724
9872,0.625875874133186
9873,0.50183809565921
9874,0.236169476520854
9875,0.403557274765441
9876,0.330239760750845
9877,0.437910118607715
9878,0.547990207551722
9879,0.841975503781869
9880,0.724890234514121
9881,0.316610782861549
9882,0.685612168704929
9883,0.511637396982756
9884,0.387787600525905
9885,0.308455907610044
9886,0.262224220493607
9887,0.245053104992296
9888,0.676468486839418
9889,0.47376301757778
9890,0.468462757724705
9891,0.279294165679147
9892,0.223506911741812
9893,0.522718082754128
9894,0.687223693144399
9895,0.593121732667182
9897,0.493846974250991
9898,0.531457511188034
9899,0.2400588424729
9900,0.281458148850961
9901,0.395598259324286
9902,0.490655359438778
9903,0.673107239338239
9904,0.472390482135198
9905,0.562625498148497
9906,0.349259899332064
9907,0.598893282597192
9908,0.581116241411846
9909,0.599798084921058
9910,0.652806388654523
9911,0.689378334727573
9912,0.123376348201316
9913,0.19824296855169
9914,0.263115108711075
9915,0.441109448361211
9916,0.509847425751927
9917,0.38372813884785
9918,0.417970409404369
9919,0.278432387718788
9920,0.415079391167201
9921,0.340446944357857
9922,0.611806363143591
9923,0.529257897825789
9924,0.467132770089905
9925,0.397686427428016
9926,0.481440585081704
9927,0.306841335256189
9928,0.883746800567506
9929,0.404347862573654
9930,0.798348668209369
9931,0.304935941026099
9932,0.544016040632288
9933,0.587248896155531
9934,0.82229375555915
9935,0.481319985341655
9936,0.558315198250911
9937,0.13841432942506
9938,0.314240504590707
9939,0.264477162316836
9940,0.359441295476012
9941,0.636812496430174
9942,0.284483232177243
9943,0.31358623383239
9944,0.253937717638231
9945,0.676054346375927
9946,0.325053211834604
9947,0.71383936790059
9948,0.150692965784594
9949,0.38078383269254
9950,0.299117013336492
9951,0.673946980690205
9952,0.27689667727728
9953,0.340479204824602
9954,0.742833591724621
9955,0.470575002689507
9956,0.244870650440455
9957,0.737129684411437
9958,0.546871758623102
9959,0.713218686305208
9960,0.553169480712021
9961,0.24499313103065
9962,0.245946453092257
9963,0.250922577787012
9964,0.360154138661907
9965,0.771493006793747
9966,0.396888427321462
9967,0.360093084050796
9968,0.28955576350026
9969,0.700553097899986
9970,0.810036578062812
9971,0.756256903851264
9972,0.804122755503484
9973,0.221794770179236
9974,0.212495104452449
9975,0.488715061523455
9976,0.359923622851329
9977,0.839228018560723
9978,0.260404851970315
9979,0.25077344192958
9980,0.418284605920827
9981,0.738699404308299
9982,0.676985044661839
9983,0.757802411839333
9984,0.752192417505041
9985,0.267372688954152
9986,0.645077327528937
9987,0.597911676633827
9988,0.379908798369369
9989,0.588905459267212
9990,0.352930657621506
9991,0.933325116173891
9992,0.484000054679642
9993,0.603042686186885
9994,0.558360718690084
9995,0.505022497480885
9996,0.76742639564223
9997,0.566628387772642
9998,0.160481178999537
9999,0.407338552378172
10000,0.886334131942642
